,totalentries,totalgross,totalattendance,week_of
0,29,3595139.0,226002,1980-06-15
1,29,3776776.0,230967,1980-06-22
2,28,3752050.0,234877,1980-06-29
3,27,3342476.0,205396,1980-07-06
4,27,3639585.0,221945,1980-07-13
5,27,3593454.0,220187,1980-07-20
6,26,3625946.0,219835,1980-07-27
7,26,3645825.0,218059,1980-08-03
8,26,3644219.0,216647,1980-08-10
9,26,3502969.0,209764,1980-08-17
10,26,4010775.0,232196,1980-08-24
11,24,3507085.0,206389,1980-08-31
12,24,2828810.0,161858,1980-09-07
13,25,2954123.0,169083,1980-09-14
14,26,2970557.0,174630,1980-09-21
15,27,3403440.0,196581,1980-09-28
16,27,3318472.0,192351,1980-10-05
17,27,3595401.0,206235,1980-10-12
18,27,3687735.0,211462,1980-10-19
19,26,3710634.0,206771,1980-10-26
20,26,3393373.0,191453,1980-11-02
21,29,3676062.0,205846,1980-11-09
22,31,3980954.0,225997,1980-11-16
23,31,3723536.0,217027,1980-11-23
24,32,4311263.0,238601,1980-11-30
25,29,3566720.0,195697,1980-12-07
26,31,3583978.0,197657,1980-12-14
27,29,3193780.0,175511,1980-12-21
28,31,4291748.0,220627,1980-12-28
29,32,4886970.0,244323,1981-01-04
30,26,3323461.0,175711,1981-01-11
31,25,3374618.0,179274,1981-01-18
32,25,3332011.0,175779,1981-01-25
33,28,3423489.0,184779,1981-02-01
34,28,3173174.0,171186,1981-02-08
35,24,3489700.0,184893,1981-02-15
36,26,3924210.0,210777,1981-02-22
37,27,4445654.0,192859,1981-03-01
38,28,3443402.0,186904,1981-03-08
39,26,3741803.0,199746,1981-03-15
40,26,4085928.0,213411,1981-03-22
41,27,4217139.0,224072,1981-03-29
42,27,3897121.0,207826,1981-04-05
43,27,3982847.0,211086,1981-04-12
44,30,4324537.0,223718,1981-04-19
45,32,4758266.0,248274,1981-04-26
46,32,4364454.0,224485,1981-05-03
47,30,4133996.0,216781,1981-05-10
48,29,4352876.0,224486,1981-05-17
49,28,4473595.0,230474,1981-05-24
50,28,4297318.0,217964,1981-05-31
51,28,4299636.0,210331,1981-06-07
52,29,4423514.0,216998,1981-06-14
53,29,4396622.0,204256,1981-06-21
54,26,4448926.0,217475,1981-06-28
55,23,3519507.0,176366,1981-07-05
56,24,3896009.0,189618,1981-07-12
57,24,4082117.0,201518,1981-07-19
58,23,4317204.0,212497,1981-07-26
59,24,4264169.0,209216,1981-08-02
60,24,4414467.0,218160,1981-08-09
61,25,4548785.0,223173,1981-08-16
62,24,4756934.0,229104,1981-08-23
63,23,4209010.0,199359,1981-08-30
64,23,4061601.0,192003,1981-09-06
65,20,3323617.0,150330,1981-09-13
66,22,3749894.0,168612,1981-09-20
67,24,3968956.0,178307,1981-09-27
68,23,3992520.0,177289,1981-10-04
69,25,4326316.0,192698,1981-10-11
70,26,4622195.0,208436,1981-10-18
71,28,4742253.0,211319,1981-10-25
72,30,4283460.0,189695,1981-11-01
73,28,4436577.0,195517,1981-11-08
74,29,5047891.0,223090,1981-11-15
75,29,4901177.0,211684,1981-11-22
76,30,5272115.0,221923,1981-11-29
77,29,4564423.0,194864,1981-12-06
78,30,4792205.0,203631,1981-12-13
79,29,4143795.0,176083,1981-12-20
80,29,4930987.0,201581,1981-12-27
81,30,6477886.0,258598,1982-01-03
82,25,3990520.0,178156,1982-01-10
83,26,3509942.0,155270,1982-01-17
84,27,3492085.0,155390,1982-01-24
85,28,3708132.0,166650,1982-01-31
86,29,3574887.0,161339,1982-02-07
87,29,4343015.0,198722,1982-02-14
88,28,4793807.0,217564,1982-02-21
89,25,4052637.0,187153,1982-02-28
90,25,3694231.0,166927,1982-03-07
91,25,4142565.0,188690,1982-03-14
92,26,4175818.0,184845,1982-03-21
93,26,4263325.0,198736,1982-03-28
94,26,3729685.0,171691,1982-04-04
95,25,3869042.0,172759,1982-04-11
96,24,4443922.0,198251,1982-04-18
97,25,4047133.0,174602,1982-04-25
98,27,3867199.0,169320,1982-05-02
99,26,3843121.0,166932,1982-05-09
100,27,4162169.0,182356,1982-05-16
101,24,4370360.0,189013,1982-05-23
102,23,4011741.0,173842,1982-05-30
103,22,3584783.0,153544,1982-06-06
104,23,3904153.0,165465,1982-06-13
105,21,3966278.0,165769,1982-06-20
106,23,4101006.0,170970,1982-06-27
107,20,3529964.0,148581,1982-07-04
108,19,3293493.0,141415,1982-07-11
109,18,3325220.0,141445,1982-07-18
110,18,3383458.0,144853,1982-07-25
111,17,3404033.0,143465,1982-08-01
112,17,3416216.0,144719,1982-08-08
113,17,3557575.0,151124,1982-08-15
114,17,3665072.0,155155,1982-08-22
115,18,3543675.0,150813,1982-08-29
116,18,3471877.0,149092,1982-09-05
117,19,3148468.0,133153,1982-09-12
118,20,3335098.0,141214,1982-09-19
119,21,3637902.0,152004,1982-09-26
120,21,3878106.0,158635,1982-10-03
121,21,4081211.0,168995,1982-10-10
122,22,4199400.0,168028,1982-10-17
123,22,4194635.0,162645,1982-10-24
124,21,4000429.0,157550,1982-10-31
125,22,4061985.0,164691,1982-11-07
126,20,4292028.0,172436,1982-11-14
127,20,3814031.0,150034,1982-11-21
128,22,4569423.0,170876,1982-11-28
129,22,4050234.0,158070,1982-12-05
130,26,4183555.0,165178,1982-12-12
131,27,3783505.0,152397,1982-12-19
132,25,3797322.0,151168,1982-12-26
133,25,5864669.0,212780,1983-01-02
134,22,3636201.0,140801,1983-01-09
135,21,3394142.0,129190,1983-01-16
136,22,3254722.0,126264,1983-01-23
137,23,2866447.0,114038,1983-01-30
138,23,2901686.0,112226,1983-02-06
139,22,2701554.0,100475,1983-02-13
140,22,3437222.0,136018,1983-02-20
141,20,3318793.0,127603,1983-02-27
142,19,2985602.0,108051,1983-03-06
143,20,3383696.0,127053,1983-03-13
144,20,3840527.0,138615,1983-03-20
145,23,4149503.0,156635,1983-03-27
146,24,4725272.0,188658,1983-04-03
147,25,4522618.0,183403,1983-04-10
148,27,4405046.0,173205,1983-04-17
149,27,4655626.0,185339,1983-04-24
150,28,5012611.0,199490,1983-05-01
151,28,4980918.0,191411,1983-05-08
152,28,5426630.0,200916,1983-05-15
153,23,4919868.0,176319,1983-05-22
154,24,4806441.0,173765,1983-05-29
155,24,4376594.0,160192,1983-06-05
156,24,4688090.0,172439,1983-06-12
157,21,4273599.0,154422,1983-06-19
158,20,4301201.0,155044,1983-06-26
159,18,3503259.0,127272,1983-07-03
160,18,3363463.0,123127,1983-07-10
161,18,3438447.0,125906,1983-07-17
162,18,3605518.0,135608,1983-07-24
163,18,3728442.0,138269,1983-07-31
164,19,3820764.0,144015,1983-08-07
165,18,3976373.0,147534,1983-08-14
166,18,4016920.0,147237,1983-08-21
167,18,3933341.0,143473,1983-08-28
168,17,3661552.0,132150,1983-09-04
169,15,3094707.0,105643,1983-09-11
170,15,3289391.0,113350,1983-09-18
171,15,3515378.0,118884,1983-09-25
172,15,3546247.0,122645,1983-10-02
173,16,4179124.0,139301,1983-10-09
174,16,4180913.0,140777,1983-10-16
175,17,4328567.0,143198,1983-10-23
176,18,4459458.0,154257,1983-10-30
177,20,4498235.0,145739,1983-11-06
178,20,4577181.0,155543,1983-11-13
179,21,4446371.0,150000,1983-11-20
180,22,5022030.0,166702,1983-11-27
181,24,4394258.0,153595,1983-12-04
182,22,4592461.0,158157,1983-12-11
183,22,4084745.0,142759,1983-12-18
184,22,3547254.0,124613,1983-12-25
185,22,5940285.0,193298,1984-01-01
186,21,4377825.0,151479,1984-01-08
187,22,4452006.0,154749,1984-01-15
188,23,4310842.0,151106,1984-01-22
189,24,4472634.0,159868,1984-01-29
190,24,4246860.0,153629,1984-02-05
191,21,4089325.0,141556,1984-02-12
192,21,4730621.0,161750,1984-02-19
193,18,4556258.0,151333,1984-02-26
194,17,3764888.0,126476,1984-03-04
195,17,3988963.0,134492,1984-03-11
196,17,4147896.0,141963,1984-03-18
197,19,4560155.0,156538,1984-03-25
198,20,4563306.0,160214,1984-04-01
199,21,4610870.0,160950,1984-04-08
200,23,4715281.0,165723,1984-04-15
201,25,5412895.0,195175,1984-04-22
202,26,5134709.0,179027,1984-04-29
203,23,4754906.0,162050,1984-05-06
204,23,4741519.0,166872,1984-05-13
205,22,5164676.0,175541,1984-05-20
206,20,4894110.0,164542,1984-05-27
207,21,4507396.0,152282,1984-06-03
208,20,4667331.0,160633,1984-06-10
209,19,4564297.0,153443,1984-06-17
210,19,4686324.0,156696,1984-06-24
211,19,4606266.0,154028,1984-07-01
212,16,3423092.0,119744,1984-07-08
213,16,3722176.0,130402,1984-07-15
214,16,3666964.0,130837,1984-07-22
215,17,3902224.0,138920,1984-07-29
216,17,3690460.0,130412,1984-08-05
217,17,3957942.0,138010,1984-08-12
218,17,3979157.0,137826,1984-08-19
219,17,3922176.0,135571,1984-08-26
220,17,3911483.0,137157,1984-09-02
221,16,3104978.0,106505,1984-09-09
222,17,3639641.0,121139,1984-09-16
223,18,3777175.0,126764,1984-09-23
224,18,3700307.0,124406,1984-09-30
225,21,3921657.0,135425,1984-10-07
226,23,4376780.0,153941,1984-10-14
227,22,4628661.0,161548,1984-10-21
228,21,4683264.0,159362,1984-10-28
229,23,4443637.0,154632,1984-11-04
230,23,4680297.0,165269,1984-11-11
231,23,4572938.0,160316,1984-11-18
232,21,4777314.0,160313,1984-11-25
233,21,3890016.0,137815,1984-12-02
234,20,4054812.0,139774,1984-12-09
235,20,3631476.0,125684,1984-12-16
236,21,3168080.0,110355,1984-12-23
237,23,5672988.0,185108,1984-12-30
238,23,4370655.0,146874,1985-01-06
239,24,3938128.0,137974,1985-01-13
240,22,3683822.0,127034,1985-01-20
241,20,3370214.0,113050,1985-01-27
242,19,2943352.0,100368,1985-02-03
243,19,2893878.0,104186,1985-02-10
244,20,3898198.0,131637,1985-02-17
245,21,3992038.0,143329,1985-02-24
246,23,3661069.0,131043,1985-03-03
247,22,3640332.0,130244,1985-03-10
248,20,3792149.0,133822,1985-03-17
249,22,4083179.0,141755,1985-03-24
250,22,3920988.0,139443,1985-03-31
251,23,3878403.0,138328,1985-04-07
252,23,4526656.0,161985,1985-04-14
253,22,4276917.0,148471,1985-04-21
254,23,4411423.0,153438,1985-04-28
255,24,4202652.0,148833,1985-05-05
256,24,4175038.0,147504,1985-05-12
257,23,4277092.0,150302,1985-05-19
258,23,4460645.0,161173,1985-05-26
259,23,3846857.0,142922,1985-06-02
260,23,4282282.0,150670,1985-06-09
261,22,3984949.0,142201,1985-06-16
262,20,3911618.0,134973,1985-06-23
263,20,4220967.0,142122,1985-06-30
264,19,3120476.0,114516,1985-07-07
265,19,3277537.0,117807,1985-07-14
266,19,3466843.0,123103,1985-07-21
267,17,3223068.0,115592,1985-07-28
268,17,3263569.0,117753,1985-08-04
269,17,3449833.0,121746,1985-08-11
270,15,3244003.0,112147,1985-08-18
271,15,3141170.0,109935,1985-08-25
272,15,3167179.0,111875,1985-09-01
273,15,2513559.0,85119,1985-09-08
274,16,2885106.0,100826,1985-09-15
275,18,2996978.0,105822,1985-09-22
276,18,3084164.0,110141,1985-09-29
277,18,3404204.0,119774,1985-10-06
278,19,4108979.0,140419,1985-10-13
279,18,3991987.0,135517,1985-10-20
280,18,3867527.0,131106,1985-10-27
281,18,3669250.0,123749,1985-11-03
282,19,3954799.0,134376,1985-11-10
283,20,3890259.0,133637,1985-11-17
284,21,3806013.0,131180,1985-11-24
285,25,4867282.0,164186,1985-12-01
286,23,4316489.0,147551,1985-12-08
287,24,4180607.0,142953,1985-12-15
288,23,3492764.0,120015,1985-12-22
289,22,5301949.0,168150,1985-12-29
290,22,4733620.0,152511,1986-01-05
291,22,3804098.0,126142,1986-01-12
292,24,4094684.0,140980,1986-01-19
293,24,3540126.0,123736,1986-01-26
294,24,3291414.0,112821,1986-02-02
295,23,3042767.0,105688,1986-02-09
296,23,3883928.0,134552,1986-02-16
297,22,3483548.0,125519,1986-02-23
298,21,3155952.0,114261,1986-03-02
299,20,3005844.0,105520,1986-03-09
300,20,3434139.0,121668,1986-03-16
301,20,3523393.0,122190,1986-03-23
302,21,3983155.0,140473,1986-03-30
303,21,3620207.0,128819,1986-04-06
304,22,3406797.0,119352,1986-04-13
305,24,3732448.0,129287,1986-04-20
306,24,3856435.0,136654,1986-04-27
307,25,4003480.0,142819,1986-05-04
308,25,4120411.0,146123,1986-05-11
309,23,4350323.0,152007,1986-05-18
310,21,4128569.0,144081,1986-05-25
311,21,3348997.0,118199,1986-06-01
312,21,3886748.0,135640,1986-06-08
313,20,3719035.0,130843,1986-06-15
314,21,3795484.0,134984,1986-06-22
315,21,3929110.0,139800,1986-06-29
316,15,3189630.0,106733,1986-07-06
317,15,3520666.0,120866,1986-07-13
318,16,3757098.0,133666,1986-07-20
319,17,3765116.0,132142,1986-07-27
320,18,3713511.0,133729,1986-08-03
321,19,4309955.0,151071,1986-08-10
322,18,4401717.0,152023,1986-08-17
323,19,4635249.0,154225,1986-08-24
324,18,4352412.0,143692,1986-08-31
325,18,3246305.0,106535,1986-09-07
326,18,3806484.0,123135,1986-09-14
327,19,4097807.0,132755,1986-09-21
328,18,4023523.0,128591,1986-09-28
329,19,3746655.0,120689,1986-10-05
330,19,4025751.0,128982,1986-10-12
331,20,3939982.0,133381,1986-10-19
332,18,3866227.0,127397,1986-10-26
333,18,3397722.0,114020,1986-11-02
334,18,3998411.0,135801,1986-11-09
335,18,3823734.0,131676,1986-11-16
336,18,3738894.0,128478,1986-11-23
337,19,4494128.0,142742,1986-11-30
338,18,3917501.0,130351,1986-12-07
339,19,3844715.0,128696,1986-12-14
340,20,3233525.0,113750,1986-12-21
341,22,4433848.0,145460,1986-12-28
342,22,4885588.0,160875,1987-01-04
343,20,3414958.0,118283,1987-01-11
344,18,3405325.0,113271,1987-01-18
345,18,2895810.0,97299,1987-01-25
346,17,2675974.0,87910,1987-02-01
347,18,2742529.0,93617,1987-02-08
348,20,3432502.0,121183,1987-02-15
349,20,3454962.0,127065,1987-02-22
350,22,3507609.0,123317,1987-03-01
351,22,3942219.0,135614,1987-03-08
352,23,4519117.0,156751,1987-03-15
353,23,4697584.0,164807,1987-03-22
354,22,4736791.0,165521,1987-03-29
355,25,4575745.0,160132,1987-04-05
356,27,4777182.0,165025,1987-04-12
357,29,5545068.0,194213,1987-04-19
358,29,5487568.0,192302,1987-04-26
359,27,5180809.0,178463,1987-05-03
360,26,4962641.0,167032,1987-05-10
361,26,5255646.0,179637,1987-05-17
362,22,4954401.0,168775,1987-05-24
363,22,4359873.0,148497,1987-05-31
364,21,4389130.0,149059,1987-06-07
365,21,4785627.0,159267,1987-06-14
366,21,4612277.0,154514,1987-06-21
367,23,4897809.0,165952,1987-06-28
368,21,3961931.0,136391,1987-07-05
369,21,4378841.0,143457,1987-07-12
370,21,4470529.0,148261,1987-07-19
371,21,4430310.0,148472,1987-07-26
372,20,4464475.0,148410,1987-08-02
373,19,4392441.0,144520,1987-08-09
374,19,4643373.0,150080,1987-08-16
375,19,4621412.0,153417,1987-08-23
376,19,4639278.0,151837,1987-08-30
377,19,4237360.0,139861,1987-09-06
378,19,3920457.0,130499,1987-09-13
379,20,4319629.0,144103,1987-09-20
380,19,3920815.0,128709,1987-09-27
381,21,4169430.0,137045,1987-10-04
382,24,5026099.0,171236,1987-10-11
383,24,4988348.0,168789,1987-10-18
384,23,4974138.0,164422,1987-10-25
385,23,4608906.0,153046,1987-11-01
386,24,5160005.0,167261,1987-11-08
387,24,5440076.0,178015,1987-11-15
388,23,4978939.0,164584,1987-11-22
389,24,6112040.0,186475,1987-11-29
390,23,5240838.0,167773,1987-12-06
391,22,5155410.0,162807,1987-12-13
392,22,4417604.0,139126,1987-12-20
393,22,5226118.0,162527,1987-12-27
394,22,6582930.0,196558,1988-01-03
395,21,4423269.0,132343,1988-01-10
396,20,4763518.0,146008,1988-01-17
397,20,4438321.0,139535,1988-01-24
398,20,4495101.0,142681,1988-01-31
399,20,4126213.0,131415,1988-02-07
400,21,4743251.0,149599,1988-02-14
401,22,4854925.0,157150,1988-02-21
402,21,4294298.0,138310,1988-02-28
403,21,4391904.0,140201,1988-03-06
404,23,4648782.0,153036,1988-03-13
405,25,5339129.0,178503,1988-03-20
406,24,5191860.0,171855,1988-03-27
407,25,5335914.0,173584,1988-04-03
408,26,5759357.0,190058,1988-04-10
409,26,5495854.0,177269,1988-04-17
410,28,6021206.0,194311,1988-04-24
411,29,5927297.0,190750,1988-05-01
412,30,6125403.0,199928,1988-05-08
413,29,6309438.0,203550,1988-05-15
414,26,6164263.0,197369,1988-05-22
415,25,5897541.0,187124,1988-05-29
416,25,5549457.0,176633,1988-06-05
417,25,5871852.0,184354,1988-06-12
418,26,5760429.0,183314,1988-06-19
419,26,6051019.0,190492,1988-06-26
420,21,5126134.0,161138,1988-07-03
421,20,4731945.0,145807,1988-07-10
422,21,5033907.0,156779,1988-07-17
423,22,5235256.0,166656,1988-07-24
424,21,5167599.0,163899,1988-07-31
425,20,4911819.0,156308,1988-08-07
426,21,5246424.0,163873,1988-08-14
427,21,5319941.0,165052,1988-08-21
428,21,5207050.0,162068,1988-08-28
429,21,4807614.0,152991,1988-09-04
430,20,4256876.0,130097,1988-09-11
431,20,4409315.0,134554,1988-09-18
432,21,4487949.0,137748,1988-09-25
433,20,4484360.0,134054,1988-10-02
434,21,4845902.0,146308,1988-10-09
435,20,4898422.0,149507,1988-10-16
436,21,4921720.0,151855,1988-10-23
437,23,5055226.0,154679,1988-10-30
438,22,4952925.0,148003,1988-11-06
439,23,5412999.0,163880,1988-11-13
440,23,5140300.0,159606,1988-11-20
441,23,5934330.0,172705,1988-11-27
442,23,5184224.0,157004,1988-12-04
443,23,5513283.0,167061,1988-12-11
444,22,4910828.0,148879,1988-12-18
445,23,4214716.0,133875,1988-12-25
446,24,7296212.0,201310,1989-01-01
447,22,4752778.0,142782,1989-01-08
448,20,4809304.0,146774,1989-01-15
449,19,4477275.0,137499,1989-01-22
450,19,4502230.0,134597,1989-01-29
451,19,4121176.0,122455,1989-02-05
452,21,4283759.0,129771,1989-02-12
453,23,5002509.0,152371,1989-02-19
454,22,4721287.0,149350,1989-02-26
455,24,4740701.0,151463,1989-03-05
456,23,5049441.0,158562,1989-03-12
457,23,4853435.0,154575,1989-03-19
458,25,5744315.0,177343,1989-03-26
459,24,5575475.0,168323,1989-04-02
460,24,4983149.0,150717,1989-04-09
461,23,5068858.0,151450,1989-04-16
462,24,5152241.0,154917,1989-04-23
463,23,5103790.0,155156,1989-04-30
464,23,5391066.0,163412,1989-05-07
465,22,5083135.0,156128,1989-05-14
466,21,5352601.0,162654,1989-05-21
467,21,5186309.0,159550,1989-05-28
468,20,4433565.0,134989,1989-06-04
469,20,4983028.0,151241,1989-06-11
470,20,5198646.0,159200,1989-06-18
471,19,5129396.0,153997,1989-06-25
472,19,4904669.0,151440,1989-07-02
473,17,4010466.0,122014,1989-07-09
474,17,4437405.0,132524,1989-07-16
475,17,4496889.0,134842,1989-07-23
476,19,4535817.0,138340,1989-07-30
477,20,4700510.0,144093,1989-08-06
478,18,4930507.0,148475,1989-08-13
479,18,5094483.0,151973,1989-08-20
480,18,4710995.0,139201,1989-08-27
481,18,4723900.0,141446,1989-09-03
482,14,3635717.0,106263,1989-09-10
483,15,4184798.0,120549,1989-09-17
484,15,4196863.0,121282,1989-09-24
485,15,4065771.0,117752,1989-10-01
486,15,4305007.0,120303,1989-10-08
487,17,4529397.0,131900,1989-10-15
488,20,5386752.0,157369,1989-10-22
489,22,5640211.0,158295,1989-10-29
490,24,5378124.0,153233,1989-11-05
491,23,5757201.0,161610,1989-11-12
492,23,5796000.0,166215,1989-11-19
493,25,6585279.0,176956,1989-11-26
494,26,6266860.0,174666,1989-12-03
495,26,6863008.0,188170,1989-12-10
496,25,5982343.0,165629,1989-12-17
497,24,5398676.0,148674,1989-12-24
498,24,8553916.0,212971,1989-12-31
499,21,5387602.0,148358,1990-01-07
500,21,5512217.0,156901,1990-01-14
501,20,5213753.0,145717,1990-01-21
502,19,5052284.0,143273,1990-01-28
503,18,4600069.0,128853,1990-02-04
504,19,4686319.0,132842,1990-02-11
505,19,5381958.0,149215,1990-02-18
506,19,5316681.0,151884,1990-02-25
507,16,4434422.0,125115,1990-03-04
508,17,4921554.0,141393,1990-03-11
509,19,5266811.0,148487,1990-03-18
510,20,6067796.0,165205,1990-03-25
511,20,6007788.0,164433,1990-04-01
512,21,5793093.0,161771,1990-04-08
513,24,6708684.0,195712,1990-04-15
514,24,6738630.0,192634,1990-04-22
515,25,6469720.0,177912,1990-04-29
516,25,6091743.0,170552,1990-05-06
517,25,6035951.0,171155,1990-05-13
518,24,6488357.0,182689,1990-05-20
519,22,6153065.0,172226,1990-05-27
520,22,5453576.0,153877,1990-06-03
521,22,6021569.0,168181,1990-06-10
522,20,5809114.0,158972,1990-06-17
523,18,5725260.0,149169,1990-06-24
524,18,5391266.0,144058,1990-07-01
525,17,4833243.0,132211,1990-07-08
526,17,5393698.0,143216,1990-07-15
527,17,5270974.0,140336,1990-07-22
528,17,5471125.0,145260,1990-07-29
529,17,4840210.0,130954,1990-08-05
530,16,5119377.0,137308,1990-08-12
531,16,5110068.0,135623,1990-08-19
532,16,4988998.0,134494,1990-08-26
533,16,4939194.0,134694,1990-09-02
534,12,3674242.0,96591,1990-09-09
535,12,3940718.0,103852,1990-09-16
536,13,3966011.0,105350,1990-09-23
537,14,3985391.0,108183,1990-09-30
538,16,4602586.0,123119,1990-10-07
539,17,4783220.0,130691,1990-10-14
540,18,4837676.0,132124,1990-10-21
541,19,5170676.0,146397,1990-10-28
542,22,5149724.0,144490,1990-11-04
543,22,5952579.0,176732,1990-11-11
544,22,5688433.0,161381,1990-11-18
545,23,6581462.0,173176,1990-11-25
546,23,6094482.0,164756,1990-12-02
547,23,6569128.0,174728,1990-12-09
548,23,5840236.0,156793,1990-12-16
549,23,5453697.0,150184,1990-12-23
550,22,7104052.0,178841,1990-12-30
551,21,6130790.0,156174,1991-01-06
552,19,4912174.0,133350,1991-01-13
553,20,4936298.0,136027,1991-01-20
554,17,3922080.0,108449,1991-01-27
555,17,3676213.0,110816,1991-02-03
556,17,3770514.0,109819,1991-02-10
557,19,4460913.0,127703,1991-02-17
558,20,4438845.0,131398,1991-02-24
559,19,3937174.0,116265,1991-03-03
560,17,3964268.0,118801,1991-03-10
561,17,4032013.0,119210,1991-03-17
562,19,4471443.0,129862,1991-03-24
563,21,5080076.0,140995,1991-03-31
564,23,5752335.0,168399,1991-04-07
565,21,5131222.0,150697,1991-04-14
566,21,5987807.0,165436,1991-04-21
567,21,5795917.0,165803,1991-04-28
568,19,5594168.0,145049,1991-05-05
569,19,5641108.0,149528,1991-05-12
570,19,6247656.0,163443,1991-05-19
571,17,5916200.0,152870,1991-05-26
572,17,5097947.0,131981,1991-06-02
573,18,5660336.0,146042,1991-06-09
574,17,5802644.0,145949,1991-06-16
575,16,5675444.0,145052,1991-06-23
576,15,5522282.0,136949,1991-06-30
577,13,4840205.0,117311,1991-07-07
578,13,5054134.0,122639,1991-07-14
579,13,4931388.0,120212,1991-07-21
580,13,5089976.0,123170,1991-07-28
581,12,4869051.0,116793,1991-08-04
582,12,5068020.0,121212,1991-08-11
583,12,5196788.0,119935,1991-08-18
584,12,4958008.0,118011,1991-08-25
585,11,4816905.0,111993,1991-09-01
586,11,3888778.0,90035,1991-09-08
587,11,4264963.0,98042,1991-09-15
588,12,4488418.0,104106,1991-09-22
589,12,4606210.0,107133,1991-09-29
590,12,4471449.0,103971,1991-10-06
591,16,5368892.0,128061,1991-10-13
592,16,5420195.0,132518,1991-10-20
593,16,5459285.0,133158,1991-10-27
594,16,5141665.0,126560,1991-11-03
595,17,5542663.0,140974,1991-11-10
596,17,5381508.0,134552,1991-11-17
597,19,5378515.0,142906,1991-11-24
598,20,6474352.0,159310,1991-12-01
599,18,6225034.0,155456,1991-12-08
600,17,5966449.0,147140,1991-12-15
601,18,5337170.0,135104,1991-12-22
602,18,7140907.0,167122,1991-12-29
603,18,6483319.0,153168,1992-01-05
604,14,4639354.0,116757,1992-01-12
605,16,4737580.0,123905,1992-01-19
606,16,4231932.0,113366,1992-01-26
607,16,4222157.0,114863,1992-02-02
608,17,4491372.0,125002,1992-02-09
609,17,5281082.0,138375,1992-02-16
610,19,5579987.0,152133,1992-02-23
611,18,5226277.0,139110,1992-03-01
612,17,5137757.0,138226,1992-03-08
613,20,5645316.0,151194,1992-03-15
614,23,6516614.0,178223,1992-03-22
615,23,6637459.0,184101,1992-03-29
616,26,6954967.0,193987,1992-04-05
617,29,7308827.0,197268,1992-04-12
618,29,7601481.0,200390,1992-04-19
619,28,8263047.0,222027,1992-04-26
620,24,6985591.0,174752,1992-05-03
621,23,7089624.0,176314,1992-05-10
622,22,7607428.0,185852,1992-05-17
623,23,7349998.0,179129,1992-05-24
624,24,6981775.0,169948,1992-05-31
625,24,7182648.0,175078,1992-06-07
626,23,7359406.0,178915,1992-06-14
627,23,7646253.0,184015,1992-06-21
628,23,7837439.0,187879,1992-06-28
629,23,6386647.0,168007,1992-07-05
630,23,6992304.0,172487,1992-07-12
631,23,6742084.0,166158,1992-07-19
632,22,7234872.0,178455,1992-07-26
633,22,6979387.0,172901,1992-08-02
634,20,6928494.0,170184,1992-08-09
635,20,6954087.0,172221,1992-08-16
636,20,6706167.0,166211,1992-08-23
637,20,6470462.0,158653,1992-08-30
638,18,6089792.0,147149,1992-09-06
639,19,5864518.0,144545,1992-09-13
640,19,5803939.0,143163,1992-09-20
641,19,5642645.0,136622,1992-09-27
642,19,5413747.0,135531,1992-10-04
643,17,6006336.0,145900,1992-10-11
644,18,6296108.0,152177,1992-10-18
645,17,6099902.0,145309,1992-10-25
646,17,5361624.0,127734,1992-11-01
647,17,5845575.0,142338,1992-11-08
648,18,6150625.0,148779,1992-11-15
649,21,5956981.0,147767,1992-11-22
650,21,6848660.0,157499,1992-11-29
651,20,6544685.0,156211,1992-12-06
652,20,6302547.0,148800,1992-12-13
653,20,5917458.0,139805,1992-12-20
654,22,6921665.0,156795,1992-12-27
655,21,8832099.0,192609,1993-01-03
656,15,5560737.0,127939,1993-01-10
657,14,5008899.0,111388,1993-01-17
658,15,4749993.0,108948,1993-01-24
659,15,4579486.0,106298,1993-01-31
660,14,4324865.0,100609,1993-02-07
661,16,5068415.0,115211,1993-02-14
662,16,5414542.0,126783,1993-02-21
663,16,4957000.0,118005,1993-02-28
664,17,4949266.0,117783,1993-03-07
665,18,5400010.0,129179,1993-03-14
666,17,5452751.0,130013,1993-03-21
667,19,6039052.0,148961,1993-03-28
668,20,6191582.0,153268,1993-04-04
669,21,6975001.0,168751,1993-04-11
670,23,7125381.0,175761,1993-04-18
671,26,7425914.0,182277,1993-04-25
672,26,7305647.0,177096,1993-05-02
673,22,6856535.0,160694,1993-05-09
674,21,7005649.0,161718,1993-05-16
675,19,7206719.0,159511,1993-05-23
676,19,6823883.0,156703,1993-05-30
677,19,6333755.0,143591,1993-06-06
678,19,6905849.0,156675,1993-06-13
679,19,7048136.0,159108,1993-06-20
680,19,7275340.0,164961,1993-06-27
681,18,6516466.0,152021,1993-07-04
682,19,6472848.0,148035,1993-07-11
683,19,6954111.0,163975,1993-07-18
684,19,7006012.0,165287,1993-07-25
685,19,7062448.0,166117,1993-08-01
686,18,7372400.0,172042,1993-08-08
687,18,6892543.0,160640,1993-08-15
688,17,6427290.0,147432,1993-08-22
689,16,6008221.0,134945,1993-08-29
690,16,6021511.0,134036,1993-09-05
691,13,4958529.0,103462,1993-09-12
692,13,4897909.0,101772,1993-09-19
693,13,5108989.0,108064,1993-09-26
694,15,5406910.0,117905,1993-10-03
695,16,5758484.0,126153,1993-10-10
696,16,5948723.0,133080,1993-10-17
697,20,6288100.0,142718,1993-10-24
698,20,6224352.0,140942,1993-10-31
699,25,6885557.0,172507,1993-11-07
700,25,7273343.0,179690,1993-11-14
701,24,7087279.0,172534,1993-11-21
702,25,8538331.0,186223,1993-11-28
703,24,8223088.0,180000,1993-12-05
704,23,8372421.0,180549,1993-12-12
705,21,7219063.0,156948,1993-12-19
706,21,7140112.0,152851,1993-12-26
707,21,9475301.0,186875,1994-01-02
708,19,6669633.0,140846,1994-01-09
709,18,6334527.0,135289,1994-01-16
710,18,5631982.0,121529,1994-01-23
711,18,5374055.0,117533,1994-01-30
712,18,5047678.0,116824,1994-02-06
713,17,4987584.0,111583,1994-02-13
714,19,6378660.0,147091,1994-02-20
715,19,5942209.0,140673,1994-02-27
716,19,5226982.0,122290,1994-03-06
717,21,6291747.0,148957,1994-03-13
718,22,6834821.0,159917,1994-03-20
719,22,6863802.0,158434,1994-03-27
720,24,8633355.0,197268,1994-04-03
721,25,7865690.0,183888,1994-04-10
722,29,7594820.0,183759,1994-04-17
723,30,8548937.0,210001,1994-04-24
724,29,8439007.0,205580,1994-05-01
725,28,8387428.0,199418,1994-05-08
726,27,8762143.0,202349,1994-05-15
727,27,8977806.0,207056,1994-05-22
728,26,8595197.0,197239,1994-05-29
729,25,7262742.0,165725,1994-06-05
730,26,7846872.0,179811,1994-06-12
731,26,7753713.0,177503,1994-06-19
732,24,8480918.0,187875,1994-06-26
733,21,7136374.0,161168,1994-07-03
734,20,6378123.0,144423,1994-07-10
735,20,6955922.0,158331,1994-07-17
736,19,7043304.0,159070,1994-07-24
737,19,7093339.0,161142,1994-07-31
738,19,7060731.0,160122,1994-08-07
739,18,7340957.0,163560,1994-08-14
740,19,7445916.0,166776,1994-08-21
741,19,7054755.0,158164,1994-08-28
742,18,6678830.0,149224,1994-09-04
743,18,5935812.0,133105,1994-09-11
744,18,6112962.0,135400,1994-09-18
745,19,7108841.0,155545,1994-09-25
746,19,7024190.0,155482,1994-10-02
747,18,7845557.0,166418,1994-10-09
748,19,7712419.0,163397,1994-10-16
749,19,7695552.0,162481,1994-10-23
750,19,7217354.0,153789,1994-10-30
751,21,7872876.0,165828,1994-11-06
752,21,8471026.0,177799,1994-11-13
753,23,8043972.0,175805,1994-11-20
754,23,9820023.0,197834,1994-11-27
755,23,8886240.0,185843,1994-12-04
756,23,9017015.0,189865,1994-12-11
757,23,8289863.0,180536,1994-12-18
758,23,8003891.0,172933,1994-12-25
759,23,11646664.0,218400,1995-01-01
760,18,8556274.0,176269,1995-01-08
761,16,7331976.0,156862,1995-01-15
762,16,6519901.0,142996,1995-01-22
763,16,6521051.0,144515,1995-01-29
764,17,5843103.0,129328,1995-02-05
765,19,6190979.0,145348,1995-02-12
766,19,7220519.0,167467,1995-02-19
767,18,7373867.0,174961,1995-02-26
768,22,7077393.0,169381,1995-03-05
769,24,7499790.0,186818,1995-03-12
770,25,8197186.0,198383,1995-03-19
771,24,8387955.0,201094,1995-03-26
772,24,7995184.0,188315,1995-04-02
773,26,8319168.0,195638,1995-04-09
774,26,9108792.0,205127,1995-04-16
775,29,10410923.0,237423,1995-04-23
776,29,9150034.0,214767,1995-04-30
777,27,8869353.0,206561,1995-05-07
778,26,8546416.0,192138,1995-05-14
779,26,9432531.0,210206,1995-05-21
780,26,9332596.0,210821,1995-05-28
781,25,8393795.0,187668,1995-06-04
782,25,9014415.0,199666,1995-06-11
783,25,9077149.0,203228,1995-06-18
784,24,9175181.0,204638,1995-06-25
785,24,8776991.0,196765,1995-07-02
786,22,7767386.0,177343,1995-07-09
787,22,8201464.0,182874,1995-07-16
788,20,8183313.0,179212,1995-07-23
789,19,7711313.0,168161,1995-07-30
790,19,7539803.0,165474,1995-08-06
791,18,7903965.0,170150,1995-08-13
792,18,7672107.0,166241,1995-08-20
793,17,7294028.0,158384,1995-08-27
794,17,6906418.0,150237,1995-09-03
795,17,6357016.0,137026,1995-09-10
796,18,6974942.0,154220,1995-09-17
797,18,7009336.0,150724,1995-09-24
798,18,6901800.0,152684,1995-10-01
799,21,8092013.0,172807,1995-10-08
800,23,9314539.0,197702,1995-10-15
801,24,9285582.0,198998,1995-10-22
802,26,9401751.0,204700,1995-10-29
803,28,9707820.0,212520,1995-11-05
804,26,9476147.0,205293,1995-11-12
805,27,9357234.0,200880,1995-11-19
806,26,10797383.0,216185,1995-11-26
807,25,9435025.0,195439,1995-12-03
808,24,9836105.0,205137,1995-12-10
809,25,9169616.0,192192,1995-12-17
810,25,8453471.0,179134,1995-12-24
811,25,12907168.0,241829,1995-12-31
812,20,7959911.0,164026,1996-01-07
813,18,6251714.0,138723,1996-01-14
814,16,6173326.0,137554,1996-01-21
815,16,6373704.0,141747,1996-01-28
816,16,5244009.0,119318,1996-02-04
817,16,5642784.0,128259,1996-02-11
818,16,6780978.0,149463,1996-02-18
819,17,7189552.0,161148,1996-02-25
820,17,6118361.0,143689,1996-03-03
821,18,6216621.0,144611,1996-03-10
822,19,6816345.0,157053,1996-03-17
823,23,8514358.0,189827,1996-03-24
824,25,8724309.0,193835,1996-03-31
825,23,8998582.0,190481,1996-04-07
826,26,10418413.0,223473,1996-04-14
827,28,10130202.0,220503,1996-04-21
828,29,10621434.0,231274,1996-04-28
829,29,10266092.0,225214,1996-05-05
830,29,10331272.0,223766,1996-05-12
831,28,10838449.0,233427,1996-05-19
832,27,10416214.0,224252,1996-05-26
833,26,9393492.0,202995,1996-06-02
834,26,9862643.0,209706,1996-06-09
835,27,9685382.0,204708,1996-06-16
836,27,10344592.0,218856,1996-06-23
837,26,10272354.0,216069,1996-06-30
838,23,8795182.0,191091,1996-07-07
839,23,9386621.0,196607,1996-07-14
840,22,8998132.0,189952,1996-07-21
841,23,8966558.0,187510,1996-07-28
842,23,8935045.0,188766,1996-08-04
843,23,9351453.0,195605,1996-08-11
844,22,9418668.0,193654,1996-08-18
845,23,9086353.0,191438,1996-08-25
846,23,9089776.0,190928,1996-09-01
847,22,7188246.0,147083,1996-09-08
848,24,7889390.0,170595,1996-09-15
849,24,8421178.0,182593,1996-09-22
850,23,8572013.0,185910,1996-09-29
851,24,8814278.0,188152,1996-10-06
852,24,9351931.89,197182,1996-10-13
853,23,9093031.0,193039,1996-10-20
854,24,8862532.0,189594,1996-10-27
855,26,8466039.0,181425,1996-11-03
856,27,8948701.0,194190,1996-11-10
857,27,9083458.0,197663,1996-11-17
858,27,8796924.0,187841,1996-11-24
859,28,12073107.0,229896,1996-12-01
860,28,11254054.0,226523,1996-12-08
861,27,11183748.0,221958,1996-12-15
862,27,10260827.0,206422,1996-12-22
863,27,13926935.0,250111,1996-12-29
864,24,11150392.0,208536,1997-01-05
865,19,7733492.0,158428,1997-01-12
866,18,7820130.0,164386,1997-01-19
867,19,7674399.0,161996,1997-01-26
868,20,7925757.0,176482,1997-02-02
869,21,7227906.0,154568,1997-02-09
870,21,8190134.0,170083,1997-02-16
871,21,8329194.0,180586,1997-02-23
872,21,6899127.0,153120,1997-03-02
873,22,7530854.0,169038,1997-03-09
874,26,8410568.0,187135,1997-03-16
875,28,9448450.0,209024,1997-03-23
876,29,10449550.0,225565,1997-03-30
877,31,10597628.0,232303,1997-04-06
878,32,9851864.0,223635,1997-04-13
879,34,10652401.0,242373,1997-04-20
880,33,11676890.0,261726,1997-04-27
881,32,10683718.0,232663,1997-05-04
882,32,10559836.0,228379,1997-05-11
883,32,11239444.0,237810,1997-05-18
884,32,11486953.0,245093,1997-05-25
885,31,10020843.0,218916,1997-06-01
886,30,10472154.0,222001,1997-06-08
887,29,10160637.0,216231,1997-06-15
888,29,10954864.0,233708,1997-06-22
889,28,11004135.0,232931,1997-06-29
890,23,9043708.0,192324,1997-07-06
891,23,9628639.0,198695,1997-07-13
892,24,9449380.0,193692,1997-07-20
893,24,9834085.0,200581,1997-07-27
894,22,9289595.0,185816,1997-08-03
895,22,9523596.0,190916,1997-08-10
896,22,9690945.0,193355,1997-08-17
897,22,9402211.0,189966,1997-08-24
898,22,9422926.0,188144,1997-08-31
899,20,6868119.0,136749,1997-09-07
900,20,7661776.0,153266,1997-09-14
901,21,8111399.0,163927,1997-09-21
902,22,8391224.0,173337,1997-09-28
903,22,8443229.0,172503,1997-10-05
904,24,9554829.0,195463,1997-10-12
905,25,10541144.0,215721,1997-10-19
906,25,10298932.0,209712,1997-10-26
907,27,9478869.0,199570,1997-11-02
908,26,9958916.0,209015,1997-11-09
909,27,10331822.0,214563,1997-11-16
910,28,10062667.0,209004,1997-11-23
911,29,12515482.0,235055,1997-11-30
912,31,12097716.0,244352,1997-12-07
913,31,11970948.0,241581,1997-12-14
914,31,11001435.0,228128,1997-12-21
915,32,14720405.0,265409,1997-12-28
916,32,15776122.0,282367,1998-01-04
917,28,10698707.0,229552,1998-01-11
918,28,10981641.0,234694,1998-01-18
919,29,10512418.0,225572,1998-01-25
920,27,9635755.0,215835,1998-02-01
921,27,9453410.0,203959,1998-02-08
922,29,11349165.0,233769,1998-02-15
923,30,11801865.0,253100,1998-02-22
924,29,10449493.0,224381,1998-03-01
925,28,10691521.0,225970,1998-03-08
926,28,11074724.0,235607,1998-03-15
927,28,11797569.0,242890,1998-03-22
928,32,12209894.0,252814,1998-03-29
929,34,11329636.0,241060,1998-04-05
930,33,12264569.0,252043,1998-04-12
931,35,14165712.0,296408,1998-04-19
932,36,12863105.0,271377,1998-04-26
933,35,12492746.0,258986,1998-05-03
934,34,11986747.0,247915,1998-05-10
935,33,12143933.0,249563,1998-05-17
936,32,12471275.0,255347,1998-05-24
937,32,10827895.0,227625,1998-05-31
938,32,11397854.0,234875,1998-06-07
939,31,12379782.0,253332,1998-06-14
940,28,11441628.0,228909,1998-06-21
941,28,11947661.0,238583,1998-06-28
942,25,9939880.0,205821,1998-07-05
943,24,10519824.0,208485,1998-07-12
944,25,11002191.0,217800,1998-07-19
945,23,10294571.0,204649,1998-07-26
946,24,10479258.0,208999,1998-08-02
947,23,11094362.0,213342,1998-08-09
948,22,10368692.0,201551,1998-08-16
949,23,9913133.0,192801,1998-08-23
950,23,9435460.0,184746,1998-08-30
951,20,8205498.0,156365,1998-09-06
952,20,7681222.0,146103,1998-09-13
953,19,8210816.0,153353,1998-09-20
954,19,8056958.0,151266,1998-09-27
955,20,8311912.0,161290,1998-10-04
956,23,9992834.0,193454,1998-10-11
957,24,10327131.0,202053,1998-10-18
958,28,10796464.0,219865,1998-10-25
959,28,9480444.0,198794,1998-11-01
960,28,10581623.0,214181,1998-11-08
961,27,11363837.0,227193,1998-11-15
962,29,11082905.0,228777,1998-11-22
963,30,13943811.0,255012,1998-11-29
964,29,12761152.0,245895,1998-12-06
965,29,12721324.0,245103,1998-12-13
966,29,11931382.0,230632,1998-12-20
967,30,14090972.0,245230,1998-12-27
968,30,17271543.0,287161,1999-01-03
969,27,11451627.0,240311,1999-01-10
970,26,11054902.0,234336,1999-01-17
971,27,10437246.0,217658,1999-01-24
972,26,9756171.0,207590,1999-01-31
973,28,10105010.0,214240,1999-02-07
974,28,11363192.0,225731,1999-02-14
975,30,12137827.0,252243,1999-02-21
976,30,10644765.0,224204,1999-02-28
977,29,10338437.0,215122,1999-03-07
978,30,11542962.0,237337,1999-03-14
979,29,12008523.0,238582,1999-03-21
980,29,12220782.0,243040,1999-03-28
981,33,13242378.0,252812,1999-04-04
982,34,14907054.0,295565,1999-04-11
983,33,12489038.0,251203,1999-04-18
984,36,13443407.0,269268,1999-04-25
985,36,12811794.0,260175,1999-05-02
986,35,12503505.0,252800,1999-05-09
987,34,12856184.0,257429,1999-05-16
988,34,13127814.0,261664,1999-05-23
989,34,12710139.0,258754,1999-05-30
990,32,11395108.0,225661,1999-06-06
991,32,12401995.0,245446,1999-06-13
992,27,11566274.0,224835,1999-06-20
993,26,11609306.0,223202,1999-06-27
994,23,9542931.0,192162,1999-07-04
995,24,10451869.0,199315,1999-07-11
996,24,10927895.0,207341,1999-07-18
997,22,10015649.0,194106,1999-07-25
998,23,9969695.0,192525,1999-08-01
999,24,10410887.0,204625,1999-08-08
1000,23,10346517.0,200605,1999-08-15
1001,23,10190840.0,199030,1999-08-22
1002,22,9716422.0,188239,1999-08-29
1003,19,8326196.0,158337,1999-09-05
1004,22,7319128.0,140350,1999-09-12
1005,23,7939904.0,153997,1999-09-19
1006,23,8492338.0,166452,1999-09-26
1007,24,9129455.0,178129,1999-10-03
1008,24,10298032.0,197652,1999-10-10
1009,23,9974042.0,190265,1999-10-17
1010,24,10209526.0,194964,1999-10-24
1011,29,9767015.0,189436,1999-10-31
1012,29,10855245.0,211135,1999-11-07
1013,30,12023920.0,232837,1999-11-14
1014,31,11675418.0,232027,1999-11-21
1015,31,14250553.0,248893,1999-11-28
1016,32,12925080.0,234727,1999-12-05
1017,33,13862145.0,254253,1999-12-12
1018,34,12925904.0,236432,1999-12-19
1019,33,11481640.0,195909,1999-12-26
1020,34,15002507.62,245315,2000-01-02
1021,31,11551696.72,220773,2000-01-09
1022,27,11367178.58,212629,2000-01-16
1023,25,9431357.68,177396,2000-01-23
1024,24,8967754.77,171730,2000-01-30
1025,24,8885763.57,170053,2000-02-06
1026,24,9612695.28,178220,2000-02-13
1027,25,10600013.74,194471,2000-02-20
1028,25,11140318.02,211332,2000-02-27
1029,27,10346599.9,194915,2000-03-05
1030,28,12211986.1,229173,2000-03-12
1031,28,13404258.79,251160,2000-03-19
1032,32,14000013.54,265222,2000-03-26
1033,34,14275973.01,274626,2000-04-02
1034,36,14470565.57,278962,2000-04-09
1035,37,15048088.54,288017,2000-04-16
1036,36,16933540.87,308253,2000-04-23
1037,36,16791273.26,311680,2000-04-30
1038,36,14842178.64,277019,2000-05-07
1039,36,14446692.08,267842,2000-05-14
1040,35,15138271.29,277308,2000-05-21
1041,34,14768371.27,271101,2000-05-28
1042,33,13242696.87,242144,2000-06-04
1043,33,14335269.84,260129,2000-06-11
1044,30,13748444.12,246933,2000-06-18
1045,30,13941573.23,249938,2000-06-25
1046,30,13052259.75,245985,2000-07-02
1047,27,11764113.54,219487,2000-07-09
1048,27,12544667.83,227913,2000-07-16
1049,27,12907704.47,237002,2000-07-23
1050,26,12713024.37,231438,2000-07-30
1051,24,12356009.09,222418,2000-08-06
1052,24,12692762.6,227408,2000-08-13
1053,23,12239024.34,218870,2000-08-20
1054,23,11940162.93,214249,2000-08-27
1055,23,11793440.23,210157,2000-09-03
1056,23,9547076.08,170824,2000-09-10
1057,22,10041726.65,181305,2000-09-17
1058,22,10190710.0,181402,2000-09-24
1059,23,9986266.75,176445,2000-10-01
1060,24,11567122.87,202789,2000-10-08
1061,26,11926603.24,213051,2000-10-15
1062,28,12750059.48,226957,2000-10-22
1063,28,12047355.84,219436,2000-10-29
1064,29,11983552.9,216139,2000-11-05
1065,31,13488200.42,241902,2000-11-12
1066,31,13120246.74,233793,2000-11-19
1067,31,16031976.06,260364,2000-11-26
1068,31,13352111.5,231302,2000-12-03
1069,31,14842520.33,251306,2000-12-10
1070,31,13580475.81,229824,2000-12-17
1071,30,12110830.0,203804,2000-12-24
1072,30,19473567.61,286357,2000-12-31
1073,28,12348248.03,217607,2001-01-07
1074,27,12249664.28,217720,2001-01-14
1075,26,11033704.15,195770,2001-01-21
1076,25,11010665.38,194298,2001-01-28
1077,24,9858582.03,178970,2001-02-04
1078,23,9959110.56,179281,2001-02-11
1079,26,11815260.53,204450,2001-02-18
1080,26,12204960.33,222272,2001-02-25
1081,27,10436039.1,194653,2001-03-04
1082,27,11031613.12,205289,2001-03-11
1083,29,12531868.44,234082,2001-03-18
1084,31,13799317.14,251032,2001-03-25
1085,32,14046705.38,257865,2001-04-01
1086,34,13176228.65,243402,2001-04-08
1087,36,16068538.57,292141,2001-04-15
1088,37,16539565.04,302723,2001-04-22
1089,37,15306808.25,285379,2001-04-29
1090,37,14289083.06,260578,2001-05-06
1091,37,14170584.53,261007,2001-05-13
1092,33,14439109.98,257730,2001-05-20
1093,31,14569842.43,258208,2001-05-27
1094,31,12570102.37,225151,2001-06-03
1095,31,13766974.17,243035,2001-06-10
1096,29,13283330.47,229680,2001-06-17
1097,29,13639716.98,236507,2001-06-24
1098,29,13126815.45,234039,2001-07-01
1099,28,12466474.54,229014,2001-07-08
1100,28,12982983.26,228457,2001-07-15
1101,28,13361127.75,235235,2001-07-22
1102,27,13442959.19,235570,2001-07-29
1103,26,13225935.24,227523,2001-08-05
1104,26,12837408.49,221106,2001-08-12
1105,26,12978623.43,225852,2001-08-19
1106,26,12474259.67,215801,2001-08-26
1107,25,11586224.06,200512,2001-09-02
1108,23,9603452.01,167899,2001-09-09
1109,23,3466038.34,65155,2001-09-16
1110,24,7759767.73,143641,2001-09-23
1111,20,9046124.84,160677,2001-09-30
1112,21,10534194.92,183966,2001-10-07
1113,23,10848108.5,192359,2001-10-14
1114,27,11958992.71,218266,2001-10-21
1115,27,11932984.69,221263,2001-10-28
1116,28,10742746.47,197013,2001-11-04
1117,28,12213250.3,214443,2001-11-11
1118,28,11503161.35,202037,2001-11-18
1119,28,13843556.16,217988,2001-11-25
1120,28,12105793.45,202903,2001-12-02
1121,28,12830717.63,213776,2001-12-09
1122,28,12219396.54,207911,2001-12-16
1123,28,12271973.29,205476,2001-12-23
1124,29,18505473.35,270968,2001-12-30
1125,25,11977513.23,198535,2002-01-06
1126,23,10915040.74,189221,2002-01-13
1127,19,10079012.97,162455,2002-01-20
1128,20,10074345.09,165947,2002-01-27
1129,21,9505848.36,158220,2002-02-03
1130,22,10327199.58,171937,2002-02-10
1131,24,11528704.06,181457,2002-02-17
1132,27,12577964.41,207728,2002-02-24
1133,27,12203491.23,203134,2002-03-03
1134,29,13117326.01,218780,2002-03-10
1135,31,13772054.5,229340,2002-03-17
1136,32,14237347.77,242689,2002-03-24
1137,33,15166067.27,248004,2002-03-31
1138,33,15122801.56,246609,2002-04-07
1139,33,13048076.3,217017,2002-04-14
1140,35,14417322.64,241706,2002-04-21
1141,35,14400782.67,243039,2002-04-28
1142,34,13646179.99,228705,2002-05-05
1143,34,13908770.62,228908,2002-05-12
1144,33,14943593.92,247046,2002-05-19
1145,33,15295729.35,251168,2002-05-26
1146,32,13183495.42,223029,2002-06-02
1147,31,14250115.62,232257,2002-06-09
1148,30,13836524.16,225743,2002-06-16
1149,29,13756369.16,225498,2002-06-23
1150,29,13625525.27,222782,2002-06-30
1151,28,11946662.62,202283,2002-07-07
1152,29,12584348.69,206211,2002-07-14
1153,30,13302467.35,221384,2002-07-21
1154,31,13826062.53,229616,2002-07-28
1155,30,13724696.0,227503,2002-08-04
1156,30,14762245.83,244776,2002-08-11
1157,29,13971404.13,228692,2002-08-18
1158,29,13693430.46,224680,2002-08-25
1159,28,14103792.55,230356,2002-09-01
1160,23,9087141.39,146518,2002-09-08
1161,23,9472426.16,156525,2002-09-15
1162,24,11096423.87,177047,2002-09-22
1163,25,12462264.85,198236,2002-09-29
1164,26,12883393.43,203451,2002-10-06
1165,28,14559151.11,230475,2002-10-13
1166,29,14943528.89,236359,2002-10-20
1167,28,14436870.19,226908,2002-10-27
1168,29,13222115.08,208310,2002-11-03
1169,28,14945393.25,231049,2002-11-10
1170,28,14164059.22,218946,2002-11-17
1171,31,14073028.9,216884,2002-11-24
1172,33,18640805.9,266273,2002-12-01
1173,34,17591558.67,266683,2002-12-08
1174,34,17153240.11,262019,2002-12-15
1175,33,16135349.0,244107,2002-12-22
1176,33,21351241.06,290260,2002-12-29
1177,32,17551978.43,253346,2003-01-05
1178,30,14837433.39,236099,2003-01-12
1179,30,15108717.97,237013,2003-01-19
1180,31,13352355.39,217940,2003-01-26
1181,28,11819648.91,185734,2003-02-02
1182,29,12490911.25,203485,2003-02-09
1183,30,14793846.0,229858,2003-02-16
1184,29,13815894.83,219936,2003-02-23
1185,27,11437908.21,181199,2003-03-02
1186,27,5237852.47,97026,2003-03-09
1187,27,12502065.28,200319,2003-03-16
1188,28,12950708.15,207401,2003-03-23
1189,28,12600849.46,201352,2003-03-30
1190,31,12383711.1,198992,2003-04-06
1191,32,13258655.58,211675,2003-04-13
1192,32,14926366.41,232609,2003-04-20
1193,33,16204350.94,254963,2003-04-27
1194,34,13978274.27,224786,2003-05-04
1195,33,13957865.96,216865,2003-05-11
1196,33,15765756.6,247778,2003-05-18
1197,30,15157590.75,239443,2003-05-25
1198,30,13420511.29,214299,2003-06-01
1199,28,13869119.57,215403,2003-06-08
1200,28,14452497.23,224701,2003-06-15
1201,24,14502518.53,220845,2003-06-22
1202,24,14758696.87,223773,2003-06-29
1203,23,12839129.02,203582,2003-07-06
1204,24,13268812.98,200013,2003-07-13
1205,23,13799936.49,205683,2003-07-20
1206,23,13897761.0,207375,2003-07-27
1207,23,13881125.06,207346,2003-08-03
1208,23,14453665.52,214832,2003-08-10
1209,23,12169172.48,178215,2003-08-17
1210,23,13519351.98,199682,2003-08-24
1211,23,13800385.36,201670,2003-08-31
1212,20,9714779.18,148620,2003-09-07
1213,20,10422894.93,160143,2003-09-14
1214,21,11815289.46,178061,2003-09-21
1215,20,11622975.61,175276,2003-09-28
1216,22,11933973.83,179198,2003-10-05
1217,25,14226787.3,209421,2003-10-12
1218,26,14675786.44,219629,2003-10-19
1219,28,14718838.2,222653,2003-10-26
1220,32,14230523.6,219426,2003-11-02
1221,35,16175584.47,249322,2003-11-09
1222,36,16067031.96,250068,2003-11-16
1223,36,15104463.95,233405,2003-11-23
1224,34,18921771.19,260627,2003-11-30
1225,33,17344266.0,247485,2003-12-07
1226,32,16838470.88,243151,2003-12-14
1227,31,15750399.91,230864,2003-12-21
1228,30,19133148.8,250981,2003-12-28
1229,30,20449869.5,267711,2004-01-04
1230,27,14079772.42,208039,2004-01-11
1231,27,13964706.06,202972,2004-01-18
1232,26,12494399.76,184705,2004-01-25
1233,27,11691291.01,177064,2004-02-01
1234,27,12546807.58,195779,2004-02-08
1235,27,14755642.68,216516,2004-02-15
1236,26,15060673.47,233364,2004-02-22
1237,25,12751495.76,198231,2004-02-29
1238,25,12955346.8,200168,2004-03-07
1239,26,14478419.37,225011,2004-03-14
1240,26,15509254.89,237777,2004-03-21
1241,28,15646629.0,240460,2004-03-28
1242,30,15195053.67,232751,2004-04-04
1243,30,17577339.5,268213,2004-04-11
1244,33,17072163.53,263754,2004-04-18
1245,31,15843646.11,248935,2004-04-25
1246,31,14535863.67,226137,2004-05-02
1247,32,15153454.35,234513,2004-05-09
1248,31,15634166.68,242351,2004-05-16
1249,32,16533781.57,258163,2004-05-23
1250,31,15731522.84,247117,2004-05-30
1251,30,14712985.73,229047,2004-06-06
1252,29,15548188.82,235917,2004-06-13
1253,29,15748383.16,239399,2004-06-20
1254,30,16739082.88,253483,2004-06-27
1255,30,14740913.55,234017,2004-07-04
1256,30,15238729.82,234487,2004-07-11
1257,28,15442054.22,233403,2004-07-18
1258,28,15005709.53,225937,2004-07-25
1259,27,15168615.06,226019,2004-08-01
1260,27,14867337.63,222218,2004-08-08
1261,28,14833886.88,223339,2004-08-15
1262,28,14344358.05,215960,2004-08-22
1263,26,12595301.94,190370,2004-08-29
1264,22,10919377.0,163977,2004-09-05
1265,22,10821686.54,154541,2004-09-12
1266,20,10425310.13,158598,2004-09-19
1267,22,10663785.5,165111,2004-09-26
1268,24,11250839.89,174577,2004-10-03
1269,24,12689083.62,192559,2004-10-10
1270,24,12179708.11,188265,2004-10-17
1271,25,12484082.26,194900,2004-10-24
1272,26,11102212.56,176761,2004-10-31
1273,27,11861307.17,182645,2004-11-07
1274,31,14360883.28,220199,2004-11-14
1275,31,13888889.32,212933,2004-11-21
1276,33,17364999.61,242173,2004-11-28
1277,31,15696858.53,232388,2004-12-05
1278,32,16751478.85,246981,2004-12-12
1279,32,15944242.84,233997,2004-12-19
1280,31,15929893.97,218336,2004-12-26
1281,31,22069510.72,288785,2005-01-02
1282,26,14224487.14,215003,2005-01-09
1283,26,14122786.47,210363,2005-01-16
1284,26,11922911.38,183861,2005-01-23
1285,25,12325221.54,189062,2005-01-30
1286,23,11096336.37,171437,2005-02-06
1287,22,11997499.59,179524,2005-02-13
1288,24,14239741.57,204813,2005-02-20
1289,25,15092666.91,225522,2005-02-27
1290,25,12577161.25,193661,2005-03-06
1291,29,14731194.31,224088,2005-03-13
1292,30,15691095.0,244645,2005-03-20
1293,35,18769349.34,276345,2005-03-27
1294,34,18856027.54,277578,2005-04-03
1295,35,16752666.06,254328,2005-04-10
1296,37,17580572.94,267536,2005-04-17
1297,35,17335939.91,265932,2005-04-24
1298,37,18222324.25,276044,2005-05-01
1299,36,17228120.91,257346,2005-05-08
1300,36,17709680.95,261896,2005-05-15
1301,35,18748812.26,273074,2005-05-22
1302,35,17939125.36,263969,2005-05-29
1303,34,17031447.46,251840,2005-06-05
1304,35,18335870.82,266851,2005-06-12
1305,33,16802501.58,248834,2005-06-19
1306,33,17857655.4,262682,2005-06-26
1307,29,16069367.46,238943,2005-07-03
1308,29,15636663.03,229525,2005-07-10
1309,29,16268717.42,239051,2005-07-17
1310,29,16213303.52,238239,2005-07-24
1311,28,16335391.79,236245,2005-07-31
1312,27,15899224.51,225728,2005-08-07
1313,27,15702520.54,224529,2005-08-14
1314,26,15083254.02,216310,2005-08-21
1315,25,14227604.18,204753,2005-08-28
1316,24,13671147.55,197098,2005-09-04
1317,22,10882085.05,158414,2005-09-11
1318,24,12436506.04,183023,2005-09-18
1319,24,12957932.45,196134,2005-09-25
1320,23,12352142.18,182349,2005-10-02
1321,26,15412092.11,219608,2005-10-09
1322,26,15228527.19,216145,2005-10-16
1323,26,15848237.51,223863,2005-10-23
1324,29,15191029.66,220398,2005-10-30
1325,30,15258845.77,221206,2005-11-06
1326,31,17742410.22,252720,2005-11-13
1327,31,17023014.99,242449,2005-11-20
1328,32,20812274.65,259948,2005-11-27
1329,32,18052981.11,243155,2005-12-04
1330,30,19029213.58,250067,2005-12-11
1331,28,17216727.03,227291,2005-12-18
1332,28,15563753.24,196980,2005-12-25
1333,28,25230789.04,283932,2006-01-01
1334,25,16983375.15,226296,2006-01-08
1335,24,15708685.39,207596,2006-01-15
1336,25,14167173.78,190309,2006-01-22
1337,26,14846426.86,199902,2006-01-29
1338,25,13252548.77,185834,2006-02-05
1339,26,13896215.27,190127,2006-02-12
1340,26,16497525.75,219004,2006-02-19
1341,24,15701014.38,212064,2006-02-26
1342,24,13820071.1,190793,2006-03-05
1343,25,15180793.52,208853,2006-03-12
1344,25,16342705.71,221424,2006-03-19
1345,30,17146095.68,233061,2006-03-26
1346,32,18303579.07,252013,2006-04-02
1347,33,18180856.99,256197,2006-04-09
1348,34,20296778.79,272740,2006-04-16
1349,38,21398879.2,299117,2006-04-23
1350,38,19302222.24,278326,2006-04-30
1351,37,18780238.55,266067,2006-05-07
1352,37,19493927.85,272599,2006-05-14
1353,36,20610334.19,283333,2006-05-21
1354,33,20363819.73,279183,2006-05-28
1355,32,18407302.13,248614,2006-06-04
1356,30,18115168.04,243009,2006-06-11
1357,31,19513801.59,255470,2006-06-18
1358,29,18641038.21,249640,2006-06-25
1359,27,17554081.35,233734,2006-07-02
1360,25,16161861.87,213849,2006-07-09
1361,25,17015899.2,221610,2006-07-16
1362,24,16664949.61,215746,2006-07-23
1363,24,16564890.89,214374,2006-07-30
1364,24,16236502.08,209932,2006-08-06
1365,24,16302902.32,210385,2006-08-13
1366,23,15502143.49,199733,2006-08-20
1367,23,15411366.44,199256,2006-08-27
1368,23,16316339.98,209388,2006-09-03
1369,20,12109807.91,154716,2006-09-10
1370,20,13153142.88,171017,2006-09-17
1371,23,13926866.79,179533,2006-09-24
1372,24,15081815.34,194832,2006-10-01
1373,25,15972820.56,203180,2006-10-08
1374,26,16473676.99,211902,2006-10-15
1375,27,17168754.21,224206,2006-10-22
1376,30,17719210.82,239080,2006-10-29
1377,31,17372997.59,236193,2006-11-05
1378,32,19299133.96,252970,2006-11-12
1379,33,18691740.84,246834,2006-11-19
1380,33,23349772.4,272488,2006-11-26
1381,32,19877630.76,251626,2006-12-03
1382,32,21218735.86,271693,2006-12-10
1383,32,20381604.54,258335,2006-12-17
1384,30,20405250.67,245635,2006-12-24
1385,30,29137802.13,314310,2006-12-31
1386,30,19509822.27,254128,2007-01-07
1387,28,17341688.37,227190,2007-01-14
1388,27,14777463.39,198004,2007-01-21
1389,26,14490552.69,194268,2007-01-28
1390,27,13892843.73,196232,2007-02-04
1391,28,14495658.81,199490,2007-02-11
1392,30,17425323.93,226917,2007-02-18
1393,29,18294393.32,249955,2007-02-25
1394,30,15380051.84,214013,2007-03-04
1395,32,18114083.74,251847,2007-03-11
1396,29,18294927.64,250167,2007-03-18
1397,30,18902762.53,254406,2007-03-25
1398,32,19276165.55,259263,2007-04-01
1399,33,22927789.8,297196,2007-04-08
1400,36,22462313.0,299749,2007-04-15
1401,38,21398054.39,291172,2007-04-22
1402,37,20538551.58,284188,2007-04-29
1403,36,19548480.96,268058,2007-05-06
1404,36,20063202.07,272935,2007-05-13
1405,35,20736201.35,281035,2007-05-20
1406,36,20922894.58,288242,2007-05-27
1407,36,18685895.29,259181,2007-06-03
1408,36,20419512.87,281296,2007-06-10
1409,34,20065644.64,271121,2007-06-17
1410,33,20428068.96,272258,2007-06-24
1411,31,19662120.55,263883,2007-07-01
1412,28,18547128.26,248981,2007-07-08
1413,27,18420632.16,236118,2007-07-15
1414,27,18697150.54,237374,2007-07-22
1415,28,19838010.68,248846,2007-07-29
1416,25,18416614.79,228483,2007-08-05
1417,25,18282467.19,226567,2007-08-12
1418,25,17865229.07,224740,2007-08-19
1419,22,16195007.54,202309,2007-08-26
1420,21,16323214.25,201235,2007-09-02
1421,21,12482904.25,158183,2007-09-09
1422,23,13231316.61,174971,2007-09-16
1423,24,13958385.89,183636,2007-09-23
1424,24,14329577.44,188032,2007-09-30
1425,25,16044882.98,204293,2007-10-07
1426,26,16172838.59,210865,2007-10-14
1427,28,17382116.8,226011,2007-10-21
1428,28,17019420.08,225905,2007-10-28
1429,33,16754158.05,236084,2007-11-04
1430,34,11070673.47,159678,2007-11-11
1431,7,2933761.29,46135,2007-11-18
1432,8,4297988.18,56867,2007-11-25
1433,33,14626123.22,185169,2007-12-02
1434,34,19709593.59,254081,2007-12-09
1435,33,19041972.07,246524,2007-12-16
1436,33,21099860.0,258330,2007-12-23
1437,33,28320772.94,300672,2007-12-30
1438,34,20739353.61,263764,2008-01-06
1439,30,15474354.41,215150,2008-01-13
1440,30,16271060.19,218666,2008-01-20
1441,30,14451084.92,200948,2008-01-27
1442,30,13260881.5,186597,2008-02-03
1443,31,14567000.91,206563,2008-02-10
1444,33,18802116.19,253631,2008-02-17
1445,33,17910137.91,251789,2008-02-24
1446,32,14835793.72,213345,2008-03-02
1447,32,16184131.56,233290,2008-03-09
1448,31,17906929.18,251485,2008-03-16
1449,30,20789931.69,276085,2008-03-23
1450,32,21156391.83,282569,2008-03-30
1451,31,17944820.89,244100,2008-04-06
1452,33,18543795.13,250387,2008-04-13
1453,34,18791333.45,255154,2008-04-20
1454,34,20335690.08,278580,2008-04-27
1455,36,19146988.49,259247,2008-05-04
1456,36,18736548.32,257243,2008-05-11
1457,35,20332995.93,276741,2008-05-18
1458,35,20770363.41,280832,2008-05-25
1459,34,17595099.85,241159,2008-06-01
1460,34,18239679.97,249266,2008-06-08
1461,34,19059102.88,261051,2008-06-15
1462,35,20962855.02,282881,2008-06-22
1463,33,20412789.23,270919,2008-06-29
1464,31,18880520.31,263334,2008-07-06
1465,30,18434166.24,238790,2008-07-13
1466,29,19305801.13,247618,2008-07-20
1467,27,18725751.83,238375,2008-07-27
1468,26,18593843.48,233821,2008-08-03
1469,26,18701222.03,233715,2008-08-10
1470,26,18623072.15,230788,2008-08-17
1471,25,17344648.46,216864,2008-08-24
1472,24,17160611.65,209039,2008-08-31
1473,25,13119537.53,171144,2008-09-07
1474,25,13763549.57,181797,2008-09-14
1475,29,15646162.91,206088,2008-09-21
1476,29,15558404.36,207427,2008-09-28
1477,30,16587237.57,217949,2008-10-05
1478,30,18558742.86,233836,2008-10-12
1479,29,17964428.87,226844,2008-10-19
1480,29,17209275.31,218213,2008-10-26
1481,30,15656655.7,203504,2008-11-02
1482,31,17125790.68,219330,2008-11-09
1483,32,16629333.25,214268,2008-11-16
1484,31,16602725.11,215757,2008-11-23
1485,30,22329016.59,244153,2008-11-30
1486,32,20376853.5,243464,2008-12-07
1487,32,19744753.05,238507,2008-12-14
1488,31,19700244.9,237136,2008-12-21
1489,30,25307610.51,266287,2008-12-28
1490,31,25690833.87,281288,2009-01-04
1491,23,15896575.48,206976,2009-01-11
1492,21,13882638.22,181814,2009-01-18
1493,22,12684919.3,169367,2009-01-25
1494,22,11924370.99,161146,2009-02-01
1495,23,12353027.06,168832,2009-02-08
1496,23,14354031.36,179852,2009-02-15
1497,23,15054534.91,193351,2009-02-22
1498,25,13630246.66,182007,2009-03-01
1499,26,14270628.66,190532,2009-03-08
1500,28,16136907.08,217142,2009-03-15
1501,29,17391272.81,237025,2009-03-22
1502,29,17119944.3,233218,2009-03-29
1503,30,16940161.28,227365,2009-04-05
1504,34,21432401.98,273564,2009-04-12
1505,35,21303553.75,275021,2009-04-19
1506,35,19223496.12,262242,2009-04-26
1507,35,18101243.8,248627,2009-05-03
1508,35,18534865.59,251829,2009-05-10
1509,34,19514193.5,260753,2009-05-17
1510,34,20386545.01,271392,2009-05-24
1511,32,19627188.02,248800,2009-05-31
1512,32,19722191.53,247222,2009-06-07
1513,32,22160989.8,271068,2009-06-14
1514,28,20838039.74,245459,2009-06-21
1515,28,21461020.47,249816,2009-06-28
1516,24,18757116.19,221717,2009-07-05
1517,24,20084190.81,225754,2009-07-12
1518,23,19917126.8,217889,2009-07-19
1519,23,19929447.25,216743,2009-07-26
1520,21,18766070.24,206199,2009-08-02
1521,21,19688132.32,211695,2009-08-09
1522,21,19325545.05,205894,2009-08-16
1523,20,17853836.01,192359,2009-08-23
1524,20,16940465.42,184326,2009-08-30
1525,19,15811624.67,176361,2009-09-06
1526,22,15410133.45,169593,2009-09-13
1527,24,16516116.44,189160,2009-09-20
1528,26,17856707.41,211073,2009-09-27
1529,28,17947577.59,218282,2009-10-04
1530,29,20663375.31,241826,2009-10-11
1531,29,21117854.99,246045,2009-10-18
1532,32,20654735.64,250641,2009-10-25
1533,32,18302311.42,229603,2009-11-01
1534,31,20439296.72,242069,2009-11-08
1535,32,20963282.82,249170,2009-11-15
1536,33,19622530.42,237391,2009-11-22
1537,34,25312357.84,252728,2009-11-29
1538,34,22980755.65,250402,2009-12-06
1539,30,20817704.76,233553,2009-12-13
1540,29,19707042.69,221165,2009-12-20
1541,29,24334027.27,238974,2009-12-27
1542,31,28089912.12,272864,2010-01-03
1543,29,18754209.12,227045,2010-01-10
1544,25,17589759.67,209117,2010-01-17
1545,23,14269366.44,174640,2010-01-24
1546,22,13619684.66,166708,2010-01-31
1547,22,12878030.29,160482,2010-02-07
1548,23,15774092.03,178293,2010-02-14
1549,26,17755738.85,216218,2010-02-21
1550,27,14246754.88,186584,2010-02-28
1551,28,15227613.19,201540,2010-03-07
1552,32,18747372.59,239297,2010-03-14
1553,33,20836875.7,261033,2010-03-21
1554,34,20739844.5,255873,2010-03-28
1555,33,24454021.24,286351,2010-04-04
1556,33,22531009.6,267431,2010-04-11
1557,33,21220442.05,260484,2010-04-18
1558,34,22133461.12,273884,2010-04-25
1559,34,20712882.96,254340,2010-05-02
1560,34,21744393.14,258615,2010-05-09
1561,33,22465355.22,264140,2010-05-16
1562,33,22897586.65,269351,2010-05-23
1563,33,22320533.4,262987,2010-05-30
1564,33,20741220.89,243014,2010-06-06
1565,31,21958008.58,254045,2010-06-13
1566,30,21957194.22,243869,2010-06-20
1567,29,22321137.26,248990,2010-06-27
1568,26,18941220.18,218878,2010-07-04
1569,25,19380901.79,213822,2010-07-11
1570,25,20126658.69,221227,2010-07-18
1571,25,20704714.31,227360,2010-07-25
1572,25,20117163.36,223541,2010-08-01
1573,24,19562422.69,217085,2010-08-08
1574,24,19217411.75,214889,2010-08-15
1575,23,18148273.24,204265,2010-08-22
1576,21,16139301.28,183587,2010-08-29
1577,22,16669047.45,189021,2010-09-05
1578,22,13382272.31,163121,2010-09-12
1579,23,14602870.26,179310,2010-09-19
1580,28,16471171.43,206325,2010-09-26
1581,28,17278360.23,222529,2010-10-03
1582,31,19984863.73,240009,2010-10-10
1583,31,19676091.18,241385,2010-10-17
1584,35,21448474.51,255986,2010-10-24
1585,36,19695420.49,244093,2010-10-31
1586,38,20911150.11,260366,2010-11-07
1587,38,22656837.3,276473,2010-11-14
1588,38,21333673.24,255508,2010-11-21
1589,39,26365119.94,270277,2010-11-28
1590,36,23445869.38,253436,2010-12-05
1591,37,25632213.75,277015,2010-12-12
1592,36,23851772.28,259268,2010-12-19
1593,36,24993789.08,250134,2010-12-26
1594,36,34998820.57,329609,2011-01-02
1595,27,20750905.78,232314,2011-01-09
1596,21,14896890.08,170093,2011-01-16
1597,19,12343577.01,143923,2011-01-23
1598,19,12537378.72,151892,2011-01-30
1599,19,11973126.74,146625,2011-02-06
1600,22,15106298.46,178821,2011-02-13
1601,22,16930140.33,187005,2011-02-20
1602,25,17734574.25,202226,2011-02-27
1603,26,15042065.79,191523,2011-03-06
1604,29,18553510.22,227887,2011-03-13
1605,31,22207681.09,267167,2011-03-20
1606,35,22037014.5,277139,2011-03-27
1607,38,22130171.29,280794,2011-04-03
1608,39,23247074.84,303550,2011-04-10
1609,38,23884804.33,303076,2011-04-17
1610,38,28847797.91,329276,2011-04-24
1611,36,23500493.47,277753,2011-05-01
1612,35,22125978.91,265763,2011-05-08
1613,36,23029209.54,279247,2011-05-15
1614,35,24911281.29,288757,2011-05-22
1615,34,23738926.54,278340,2011-05-29
1616,32,20598779.47,244969,2011-06-05
1617,32,21540622.61,252615,2011-06-12
1618,32,22679494.76,263424,2011-06-19
1619,30,23765755.25,262536,2011-06-26
1620,27,21841229.7,244323,2011-07-03
1621,27,21340105.81,232075,2011-07-10
1622,25,21337516.16,230078,2011-07-17
1623,24,20965518.3,222895,2011-07-24
1624,24,21167372.96,227350,2011-07-31
1625,24,20564177.44,218158,2011-08-07
1626,24,20858827.98,221435,2011-08-14
1627,24,20079820.36,217661,2011-08-21
1628,23,11622878.71,130853,2011-08-28
1629,23,18454882.09,201396,2011-09-04
1630,21,14305208.74,164570,2011-09-11
1631,20,16009582.26,178675,2011-09-18
1632,22,18469767.15,206595,2011-09-25
1633,22,18748188.35,207794,2011-10-02
1634,22,19589600.77,205123,2011-10-09
1635,26,21328669.25,229906,2011-10-16
1636,26,21527948.93,232997,2011-10-23
1637,28,21228858.5,229544,2011-10-30
1638,30,21189806.03,230161,2011-11-06
1639,32,23802018.76,257751,2011-11-13
1640,34,22924358.13,250983,2011-11-20
1641,34,28086475.25,269558,2011-11-27
1642,33,23795685.13,245483,2011-12-04
1643,33,25004620.55,258572,2011-12-11
1644,35,24267546.17,249255,2011-12-18
1645,34,23271080.58,232116,2011-12-25
1646,34,37657452.85,321152,2012-01-01
1647,31,23950631.84,250021,2012-01-08
1648,29,20901346.48,229469,2012-01-15
1649,28,19345312.98,219745,2012-01-22
1650,26,17414093.46,205816,2012-01-29
1651,23,15024830.26,179706,2012-02-05
1652,24,15641926.58,177602,2012-02-12
1653,26,20071196.28,209941,2012-02-19
1654,26,20315210.29,217156,2012-02-26
1655,27,16890522.49,192998,2012-03-04
1656,26,18585144.84,205996,2012-03-11
1657,29,22236270.13,238610,2012-03-18
1658,30,22982439.31,247811,2012-03-25
1659,34,23815593.99,262118,2012-04-01
1660,39,27986518.44,299763,2012-04-08
1661,39,29706148.45,322364,2012-04-15
1662,39,25912017.2,299388,2012-04-22
1663,39,26084410.3,296353,2012-04-29
1664,39,25216791.58,280097,2012-05-06
1665,38,25244970.61,280012,2012-05-13
1666,37,27373827.28,294559,2012-05-20
1667,36,26588405.13,284784,2012-05-27
1668,36,24157231.96,257495,2012-06-03
1669,35,24964882.69,265640,2012-06-10
1670,35,25535980.85,269169,2012-06-17
1671,32,24987780.91,254941,2012-06-24
1672,30,23877254.08,244100,2012-07-01
1673,28,22394730.31,234943,2012-07-08
1674,28,23438083.54,240443,2012-07-15
1675,28,23812769.42,239273,2012-07-22
1676,27,23423047.64,235762,2012-07-29
1677,28,23546985.32,238483,2012-08-05
1678,25,22096551.77,218168,2012-08-12
1679,24,20855104.13,208499,2012-08-19
1680,23,19302940.6,196997,2012-08-26
1681,22,19275240.5,190433,2012-09-02
1682,21,16925455.85,181598,2012-09-09
1683,22,17402735.55,189930,2012-09-16
1684,22,17072240.93,183074,2012-09-23
1685,22,17166462.61,184210,2012-09-30
1686,24,20107204.35,205289,2012-10-07
1687,26,20614956.29,214024,2012-10-14
1688,29,22023787.3,228349,2012-10-21
1689,29,20083783.09,214909,2012-10-28
1690,28,13578723.99,149443,2012-11-04
1691,32,19598827.22,219655,2012-11-11
1692,33,20881272.06,236771,2012-11-18
1693,31,27019880.27,246464,2012-11-25
1694,30,22154853.41,220611,2012-12-02
1695,30,23837823.29,232101,2012-12-09
1696,31,23488097.24,231552,2012-12-16
1697,31,25850274.42,240913,2012-12-23
1698,31,37441497.43,292432,2012-12-30
1699,29,24501264.68,235232,2013-01-06
1700,24,17802126.07,187749,2013-01-13
1701,25,19579646.13,196399,2013-01-20
1702,22,17182844.54,182952,2013-01-27
1703,22,16564311.13,180859,2013-02-03
1704,22,15048035.03,162547,2013-02-10
1705,21,19053138.22,185503,2013-02-17
1706,23,18315912.92,191325,2013-02-24
1707,24,17192694.94,192215,2013-03-03
1708,23,18085583.2,196604,2013-03-10
1709,23,20821011.27,213592,2013-03-17
1710,27,21709081.85,222408,2013-03-24
1711,30,28531065.66,269430,2013-03-31
1712,32,25899685.92,255957,2013-04-07
1713,32,23143555.07,252058,2013-04-14
1714,32,24719506.61,260240,2013-04-21
1715,31,24616124.19,250970,2013-04-28
1716,31,24611040.5,245896,2013-05-05
1717,29,24246231.19,240234,2013-05-12
1718,28,24657283.84,240992,2013-05-19
1719,27,25537728.85,240878,2013-05-26
1720,27,23307201.54,223090,2013-06-02
1721,26,23361631.13,219708,2013-06-09
1722,26,24770171.77,227831,2013-06-16
1723,25,24116852.06,218448,2013-06-23
1724,25,24997385.86,224627,2013-06-30
1725,23,22845376.28,208177,2013-07-07
1726,24,23190352.38,217926,2013-07-14
1727,25,23614757.79,225234,2013-07-21
1728,25,24169057.66,229968,2013-07-28
1729,24,23003240.01,217266,2013-08-04
1730,24,23335894.11,218351,2013-08-11
1731,23,21839389.6,204032,2013-08-18
1732,24,20604710.97,198020,2013-08-25
1733,23,20496640.01,199212,2013-09-01
1734,24,18374968.64,190578,2013-09-08
1735,24,18556316.29,195557,2013-09-15
1736,25,19497278.16,195355,2013-09-22
1737,26,19453417.94,197906,2013-09-29
1738,28,21422653.82,215124,2013-10-06
1739,28,24614027.42,232400,2013-10-13
1740,28,24038294.83,233682,2013-10-20
1741,30,23158294.53,231769,2013-10-27
1742,31,22476708.55,230404,2013-11-03
1743,32,25659017.96,252458,2013-11-10
1744,33,24670328.9,247240,2013-11-17
1745,32,23426994.49,233393,2013-11-24
1746,32,31531067.22,261056,2013-12-01
1747,31,27935664.24,253429,2013-12-08
1748,30,26577877.9,242849,2013-12-15
1749,30,27539203.55,244111,2013-12-22
1750,30,38783854.01,290386,2013-12-29
1751,30,31143669.51,253730,2014-01-05
1752,26,19579698.76,196288,2014-01-12
1753,26,20091731.76,196042,2014-01-19
1754,26,19122428.08,198773,2014-01-26
1755,26,16714693.64,183092,2014-02-02
1756,26,17841888.99,188421,2014-02-09
1757,27,21192762.16,203834,2014-02-16
1758,27,20540284.42,208637,2014-02-23
1759,28,18500513.25,203099,2014-03-02
1760,28,21278717.91,223002,2014-03-09
1761,30,24465468.34,249436,2014-03-16
1762,32,26493580.74,268649,2014-03-23
1763,35,29088085.73,289602,2014-03-30
1764,36,26873431.36,279366,2014-04-06
1765,37,28579879.47,288358,2014-04-13
1766,37,35365318.86,327321,2014-04-20
1767,37,31700745.47,307631,2014-04-27
1768,37,29244146.66,290507,2014-05-04
1769,36,28750476.9,284081,2014-05-11
1770,36,30013854.32,296277,2014-05-18
1771,35,30931229.69,299090,2014-05-25
1772,35,27903040.73,274339,2014-06-01
1773,36,28348059.97,279158,2014-06-08
1774,36,29901118.61,287375,2014-06-15
1775,34,29753589.72,283503,2014-06-22
1776,33,29774659.29,277136,2014-06-29
1777,30,25117615.06,250849,2014-07-06
1778,29,25634839.16,243337,2014-07-13
1779,29,27867271.63,261209,2014-07-20
1780,27,27038223.56,247370,2014-07-27
1781,26,26391543.75,241795,2014-08-03
1782,26,25926516.48,237242,2014-08-10
1783,25,25177910.57,230964,2014-08-17
1784,25,22786504.91,216939,2014-08-24
1785,25,22905606.12,215232,2014-08-31
1786,24,19843322.02,203128,2014-09-07
1787,28,22254024.08,228213,2014-09-14
1788,29,22305179.19,220312,2014-09-21
1789,30,22181013.37,228051,2014-09-28
1790,32,23249657.44,242265,2014-10-05
1791,31,27066122.09,258611,2014-10-12
1792,31,25993464.12,256002,2014-10-19
1793,32,25858522.45,255078,2014-10-26
1794,34,23464671.27,239269,2014-11-02
1795,35,27591478.45,264011,2014-11-09
1796,35,26438027.52,259956,2014-11-16
1797,36,26699449.84,262452,2014-11-23
1798,36,34121641.68,284569,2014-11-30
1799,36,30147626.73,275732,2014-12-07
1800,36,30085951.53,273383,2014-12-14
1801,36,31278712.06,280929,2014-12-21
1802,36,40993949.59,318721,2014-12-28
1803,37,42773881.51,346913,2015-01-04
1804,29,23765667.77,232696,2015-01-11
1805,29,24414287.57,236545,2015-01-18
1806,27,21336320.08,212288,2015-01-25
1807,25,17504766.34,177158,2015-02-01
1808,27,18766304.2,189192,2015-02-08
1809,28,22494432.47,203695,2015-02-15
1810,28,23193751.91,216711,2015-02-22
1811,26,18617250.99,189652,2015-03-01
1812,25,18260266.67,188591,2015-03-08
1813,30,22954551.91,224793,2015-03-15
1814,32,26316782.26,260094,2015-03-22
1815,35,27962546.48,284016,2015-03-29
1816,36,29551638.8,294345,2015-04-05
1817,35,29465954.68,296999,2015-04-12
1818,34,25889242.41,272578,2015-04-19
1819,35,27723510.1,285873,2015-04-26
1820,35,26274485.29,269518,2015-05-03
1821,34,26460108.95,263268,2015-05-10
1822,33,28102517.63,276445,2015-05-17
1823,33,29304271.83,285566,2015-05-24
1824,33,26921734.77,265125,2015-05-31
1825,33,27734699.11,268815,2015-06-07
1826,31,28388117.2,264166,2015-06-14
1827,30,28463125.91,261253,2015-06-21
1828,29,28334068.81,258532,2015-06-28
1829,28,24620106.75,244506,2015-07-05
1830,28,26350321.15,245465,2015-07-12
1831,29,29808363.48,270484,2015-07-19
1832,28,28053394.43,255568,2015-07-26
1833,28,28789618.28,261047,2015-08-02
1834,26,26416630.62,244693,2015-08-09
1835,25,25006928.37,226453,2015-08-16
1836,24,22457929.29,211799,2015-08-23
1837,24,21736745.51,206895,2015-08-30
1838,24,22236018.59,208797,2015-09-06
1839,24,21392373.47,213253,2015-09-13
1840,24,21730048.94,215035,2015-09-20
1841,26,20380413.86,204904,2015-09-27
1842,28,21226520.14,210902,2015-10-04
1843,31,25981323.57,246306,2015-10-11
1844,31,25252464.22,249690,2015-10-18
1845,34,27391967.14,266254,2015-10-25
1846,33,22819826.74,240104,2015-11-01
1847,34,26640593.04,264573,2015-11-08
1848,36,28476228.6,281431,2015-11-15
1849,38,26940622.67,268155,2015-11-22
1850,38,33851351.94,288018,2015-11-29
1851,37,29634669.57,276963,2015-12-06
1852,37,29866859.06,280228,2015-12-13
1853,37,29484797.16,276704,2015-12-20
1854,37,36271797.36,299280,2015-12-27
1855,38,43065465.7,357718,2016-01-03
1856,32,26330470.95,259698,2016-01-10
1857,31,26239268.38,257867,2016-01-17
1858,31,15977957.72,174717,2016-01-24
1859,30,23617252.17,247475,2016-01-31
1860,29,21024819.67,226001,2016-02-07
1861,31,25713384.94,254659,2016-02-14
1862,30,23951914.29,246349,2016-02-21
1863,31,20011009.78,218809,2016-02-28
1864,32,20679970.73,230558,2016-03-06
1865,31,23719997.68,249626,2016-03-13
1866,31,26631585.91,268120,2016-03-20
1867,34,31485172.45,291508,2016-03-27
1868,36,29929437.71,285833,2016-04-03
1869,36,26894099.17,274288,2016-04-10
1870,37,27177086.08,277214,2016-04-17
1871,37,27121277.4,282990,2016-04-24
1872,37,28331921.81,292998,2016-05-01
1873,37,27579172.93,281042,2016-05-08
1874,36,26269814.35,268762,2016-05-15
1875,36,28842985.58,296350,2016-05-22
1876,37,28706805.95,291638,2016-05-29
1877,36,27019162.62,274699,2016-06-05
1878,35,28477729.82,280991,2016-06-12
1879,34,28229255.81,271807,2016-06-19
1880,32,28923675.96,273633,2016-06-26
1881,29,26033648.79,253969,2016-07-03
1882,29,24862657.43,235573,2016-07-10
1883,30,27125138.45,257711,2016-07-17
1884,29,26582154.47,250613,2016-07-24
1885,27,25496118.0,241220,2016-07-31
1886,25,24062535.05,225907,2016-08-07
1887,26,24414933.15,231726,2016-08-14
1888,26,23009994.04,222667,2016-08-21
1889,25,21495765.02,209834,2016-08-28
1890,26,23361024.99,224722,2016-09-04
1891,23,20154528.12,201814,2016-09-11
1892,24,22174849.86,221531,2016-09-18
1893,28,22165298.69,217239,2016-09-25
1894,29,22824768.82,225806,2016-10-02
1895,29,25903635.94,243683,2016-10-09
1896,29,25369049.51,243037,2016-10-16
1897,31,27441874.45,259246,2016-10-23
1898,31,25194007.33,242811,2016-10-30
1899,31,25378948.08,241117,2016-11-06
1900,32,28880196.45,269358,2016-11-13
1901,32,26762454.2,252921,2016-11-20
1902,34,35280351.26,282959,2016-11-27
1903,33,29035901.85,269437,2016-12-04
1904,32,31357485.42,277699,2016-12-11
1905,32,30541917.65,268793,2016-12-18
1906,32,30413711.35,245913,2016-12-25
1907,33,49710189.78,359495,2017-01-01
1908,29,29567891.31,260164,2017-01-08
1909,25,25872048.71,225416,2017-01-15
1910,22,21686417.83,198085,2017-01-22
1911,21,21078311.83,192943,2017-01-29
1912,21,19874003.02,178969,2017-02-05
1913,23,19809375.55,177044,2017-02-12
1914,26,25574527.9,219844,2017-02-19
1915,26,25416821.35,225366,2017-02-26
1916,28,23822896.59,226218,2017-03-05
1917,32,27675629.09,255468,2017-03-12
1918,32,30015943.81,270426,2017-03-19
1919,34,32453591.42,289719,2017-03-26
1920,38,34447048.43,311207,2017-04-02
1921,40,35186711.31,319841,2017-04-09
1922,40,41151034.39,347713,2017-04-16
1923,38,35895402.43,315032,2017-04-23
1924,36,32511674.46,297215,2017-04-30
1925,36,32862919.91,290718,2017-05-07
1926,36,33603536.36,297007,2017-05-14
1927,36,34503594.63,303288,2017-05-21
1928,34,34203175.62,296567,2017-05-28
1929,34,32793984.32,284771,2017-06-04
1930,35,34128419.59,295956,2017-06-11
1931,35,34505435.31,298093,2017-06-18
1932,34,35273881.85,301124,2017-06-25
1933,32,31965811.52,282247,2017-07-02
1934,30,29082683.33,256171,2017-07-09
1935,30,31922259.32,268850,2017-07-16
1936,29,31395963.12,262838,2017-07-23
1937,30,31904722.8,266316,2017-07-30
1938,31,31424598.87,266389,2017-08-06
1939,30,30312333.55,260456,2017-08-13
1940,30,28674785.82,247074,2017-08-20
1941,29,26578502.98,232301,2017-08-27
1942,28,27899472.03,237871,2017-09-03
1943,27,23603589.82,220403,2017-09-10
1944,28,26613186.99,238136,2017-09-17
1945,26,23991938.61,206418,2017-09-24
1946,24,23206323.74,198483,2017-10-01
1947,29,30239538.42,234345,2017-10-08
1948,28,29928495.36,241568,2017-10-15
1949,29,30630790.04,244003,2017-10-22
1950,28,28628692.39,231168,2017-10-29
1951,28,27265631.87,224654,2017-11-05
1952,30,32477412.57,250816,2017-11-12
1953,31,31147315.59,247644,2017-11-19
1954,31,39079347.02,264948,2017-11-26
1955,30,29983150.22,242528,2017-12-03
1956,32,35260250.63,264442,2017-12-10
1957,32,34359420.67,257160,2017-12-17
1958,32,35795927.3,244973,2017-12-24
1959,32,50354028.55,306408,2017-12-31
1960,29,32207429.53,255197,2018-01-07
1961,29,32947325.27,248789,2018-01-14
1962,27,27685184.24,217004,2018-01-21
1963,26,27522164.93,221748,2018-01-28
1964,26,24869631.68,210097,2018-02-04
1965,24,22018577.15,191186,2018-02-11
1966,25,26335055.74,213716,2018-02-18
1967,27,27049672.63,231785,2018-02-25
1968,30,26316392.79,224980,2018-03-04
1969,29,29425481.36,243913,2018-03-11
1970,30,31954759.69,265949,2018-03-18
1971,34,35414660.27,292873,2018-03-25
1972,35,42016688.35,319605,2018-04-01
1973,36,42596195.27,327949,2018-04-08
1974,36,37766616.94,311621,2018-04-15
1975,36,37506237.02,314967,2018-04-22
1976,35,35335326.58,305422,2018-04-29
1977,36,36994026.79,294627,2018-05-06
1978,36,38621280.34,306163,2018-05-13
1979,35,38813251.1,311582,2018-05-20
1980,35,39431767.13,308320,2018-05-27
1981,34,37106954.31,292066,2018-06-03
1982,34,39211500.4,302808,2018-06-10
1983,33,39653551.79,298431,2018-06-17
1984,33,40285883.82,297029,2018-06-24
1985,33,38126488.51,291188,2018-07-01
1986,30,33865379.57,272945,2018-07-08
1987,31,37330027.69,280463,2018-07-15
1988,32,36855921.43,281446,2018-07-22
1989,32,39633285.25,295685,2018-07-29
1990,31,36391384.98,284545,2018-08-05
1991,31,37289893.41,277794,2018-08-12
1992,30,35465011.8,264673,2018-08-19
1993,30,33662782.2,255379,2018-08-26
1994,30,32089527.57,250180,2018-09-02
1995,31,29524979.46,249078,2018-09-09
1996,29,28771784.4,256263,2018-09-16
1997,27,26309335.52,223438,2018-09-23
1998,29,29521717.1,233389,2018-09-30
1999,32,33381110.92,249245,2018-10-07
2000,33,33387818.47,262241,2018-10-14
2001,33,34344692.7,269065,2018-10-21
2002,35,33133984.13,272782,2018-10-28
2003,37,33078711.53,279469,2018-11-04
2004,38,37230401.33,306015,2018-11-11
2005,37,36501888.28,292481,2018-11-18
2006,36,43043393.13,299235,2018-11-25
2007,38,37805785.34,299411,2018-12-02
2008,38,40149570.28,314249,2018-12-09
2009,40,39865469.32,313917,2018-12-16
2010,39,41012369.65,308489,2018-12-23
2011,39,57807272.33,378910,2018-12-30
2012,36,37530273.1,300562,2019-01-06
2013,32,31937248.07,274375,2019-01-13
2014,31,31699189.77,267598,2019-01-20
2015,29,29982380.3,259574,2019-01-27
2016,27,26512354.56,237108,2019-02-03
2017,27,27661257.88,249720,2019-02-10
2018,29,30511551.35,252489,2019-02-17
2019,29,29863192.12,253875,2019-02-24
2020,31,27159271.45,245665,2019-03-03
2021,31,30252790.13,271052,2019-03-10
2022,34,32944572.64,288544,2019-03-17
2023,35,34204242.15,298672,2019-03-24
2024,37,36822964.51,313513,2019-03-31
2025,38,35291615.88,315320,2019-04-07
2026,36,34725461.34,304463,2019-04-14
2027,36,40219790.24,328200,2019-04-21
2028,36,38151115.68,316868,2019-04-28
2029,36,34151624.49,297097,2019-05-05
2030,38,36855346.97,316359,2019-05-12
2031,37,35092350.5,310574,2019-05-19
2032,37,35905670.43,314317,2019-05-26
2033,38,34573184.72,306164,2019-06-02
2034,37,35439598.96,306861,2019-06-09
2035,35,34493610.47,292380,2019-06-16
2036,35,35987055.01,296070,2019-06-23
2037,35,35938539.43,295824,2019-06-30
2038,33,34108642.97,288107,2019-07-07
2039,30,30566473.66,243260,2019-07-14
2040,29,34264193.63,271824,2019-07-21
2041,30,33824901.44,273153,2019-07-28
2042,29,33730889.28,270067,2019-08-04
2043,29,33808015.83,270326,2019-08-11
2044,28,31972753.31,258918,2019-08-18
2045,24,27987012.48,224849,2019-08-25
2046,23,28652876.74,227568,2019-09-01
2047,25,25965470.89,224402,2019-09-08
2048,29,29092570.96,253685,2019-09-15
2049,32,29320908.11,254679,2019-09-22
2050,33,29894777.05,260421,2019-09-29
2051,33,30098714.42,261793,2019-10-06
2052,34,35212990.4,282646,2019-10-13
2053,34,34644583.03,286802,2019-10-20
2054,34,33983842.0,278087,2019-10-27
2055,34,31122600.61,270173,2019-11-03
2056,35,35399366.34,291419,2019-11-10
2057,36,32819620.56,289802,2019-11-17
2058,35,32015928.6,278056,2019-11-24
2059,35,41687333.21,292940,2019-12-01
2060,35,38317632.21,296485,2019-12-08
2061,34,38869140.81,302872,2019-12-15
2062,34,40645773.41,302372,2019-12-22
2063,36,55765407.59,350714,2019-12-29
2064,36,43095640.58,317679,2020-01-05
2065,29,31126364.49,259101,2020-01-12
2066,27,30443387.93,248005,2020-01-19
2067,25,27611965.75,238179,2020-01-26
2068,25,26036075.42,232823,2020-02-02
2069,26,26971364.47,239713,2020-02-09
2070,27,31152553.11,250646,2020-02-16
2071,26,29195909.75,250954,2020-02-23
2072,28,26109896.25,244515,2020-03-01
2073,30,26700955.53,253453,2020-03-08
2074,1,201621.5,4548,2021-08-08
2075,1,179919.5,4789,2021-08-15
2076,1,147040.5,6862,2021-08-22
2077,1,182681.0,5291,2021-08-29
2078,3,1897069.5,14599,2021-09-05
2079,3,2722713.0,18687,2021-09-12
2080,10,10730706.2,72692,2021-09-19
2081,15,13107241.4,92305,2021-09-26
2082,18,14687780.28,113775,2021-10-03
2083,21,18664760.83,139148,2021-10-10
2084,23,20778578.09,164480,2021-10-17
2085,26,22164601.69,176083,2021-10-24
2086,27,19663438.48,168169,2021-10-31
2087,30,22854595.3,193303,2021-11-07
2088,31,25565641.02,214681,2021-11-14
2089,32,25076830.42,212819,2021-11-21
2090,33,32543570.34,238354,2021-11-28
2091,29,26214734.65,210795,2021-12-05
2092,32,30533809.38,240602,2021-12-12
2093,31,22511627.49,184227,2021-12-19
2094,22,14069739.33,100956,2021-12-26
2095,30,26306652.33,179036,2022-01-02
2096,27,18251734.19,156986,2022-01-09
2097,25,18496688.62,162566,2022-01-16
2098,21,16489938.36,152135,2022-01-23
2099,19,15038225.26,139584,2022-01-30
2100,19,16909847.91,152557,2022-02-06
2101,19,18939840.41,165971,2022-02-13
2102,19,21835115.67,173184,2022-02-20
2103,19,23004259.14,177701,2022-02-27
2104,19,19746606.35,153269,2022-03-06
2105,20,22376005.59,168999,2022-03-13
2106,22,26657434.59,196039,2022-03-20
2107,24,26814465.77,200731,2022-03-27
2108,31,28818835.92,224053,2022-04-03
2109,31,28329869.47,225256,2022-04-10
2110,34,34729294.94,261835,2022-04-17
2111,35,34204819.83,267796,2022-04-24
2112,36,29067083.01,241500,2022-05-01
2113,36,31199659.74,249219,2022-05-08
2114,35,30349652.89,246003,2022-05-15
2115,35,33290185.13,257558,2022-05-22
2116,35,33347303.5,257210,2022-05-29
2117,31,29555352.41,230894,2022-06-05
2118,31,31588946.55,240564,2022-06-12
2119,29,29523307.4,232447,2022-06-19
2120,27,30789626.55,229166,2022-06-26
2121,28,29926105.92,238943,2022-07-03
2122,29,30109850.18,234190,2022-07-10
2123,26,28989977.81,225011,2022-07-17
2124,25,29531600.54,224884,2022-07-24
2125,24,29502147.98,223674,2022-07-31
2126,23,27682654.86,212341,2022-08-07
2127,23,27561874.17,213234,2022-08-14
2128,20,22232527.25,181785,2022-08-21
2129,21,23513591.67,186077,2022-08-28
2130,21,25329739.89,194473,2022-09-04
2131,19,20638554.11,176777,2022-09-11
2132,24,24954516.85,201321,2022-09-18
2133,24,26367420.84,214085,2022-09-25
2134,25,25208582.92,209668,2022-10-02
2135,25,29063457.17,222263,2022-10-09
2136,27,28621479.66,225731,2022-10-16
2137,28,28585160.05,227107,2022-10-23
2138,31,27346822.27,228593,2022-10-30
2139,32,29813738.51,246013,2022-11-06
2140,34,32314920.37,272232,2022-11-13
2141,34,30912718.74,260973,2022-11-20
2142,33,37475773.29,259298,2022-11-27
2143,35,33891293.11,264069,2022-12-04
2144,35,37217000.73,283548,2022-12-11
2145,34,37287623.46,275724,2022-12-18
2146,33,34827192.87,238502,2022-12-25
2147,33,51912862.29,312878,2023-01-01
2148,32,37394930.57,275834,2023-01-08
2149,29,33859987.75,247667,2023-01-15
2150,23,25835362.28,204847,2023-01-22
2151,23,25705039.38,206578,2023-01-29
2152,22,23518702.33,195520,2023-02-05
2153,21,23064392.99,192323,2023-02-12
